subreddit,username,account_age_days,comment_text
movies,Plagued_LiverCancer,3413,"One positive note: the score is actually pretty good.

But otherwise really stupid movie thatâ€™s mildly entertaining if you have nothing else to do for an evening"
movies,spellboundartisan,454,Detroit Rock City
movies,DribblingCumSock,47,"I've seen enough horrible videos of executions where you just sit their watching them take their 20th strike with a machete and think, 'Dude, just sharpen the damn thing next time'."
movies,HerculeTheChamp,3986,"the 80s score makes the movie better, dont diss king moroder."
movies,ImTheDudeMAN33,1662,Cybill Shepard in Taxi Driver 1975!
movies,ScoreQuest,3641,Only semi-related but there is a scene in the second Harry Potter book where Harry dodges a frying pan that Aunt Petunia hurls at him and I always though if that had hit him he would just be brain-damaged for the rest of the series.
movies,rumog,3731,"Has any comedian or other pop culture reference talked about this?  This was the immediate one that came to mind, and seems like lots of other people too..."
movies,Johnny66Johnny,2849,"There's some truth to your remark, but only in the sense that all big Hollywood actors (certainly in the classic era) played variations upon their established screen personae whilst still demonstrably *acting* \- think Humphrey Bogart, Cary Grant, etc. Nevertheless I think Cruise has challenged himself far more than has been required (not always successfully), and that's genuinely admirable."
movies,twilighttwister,128,"Here's a link to the actual image, instead of a webpage showing the image: https://i.redd.it/wjjbc0498pa11.gif"
movies,romafa,3973,Childbirth.
movies,Good-Ad5686,876,"I really liked this movie until it was a vampire movie then I only just liked the movie, I think the movie would have been better if it was just these two phycos running from the cops"
movies,_HIST,2827,Not at all? Exactly because of shit like this?
movies,bf-es,207,LakmÃ© - Leo Delibes - in a bunch of movies
movies,Relevant_Session5987,643,"I feel like Marvel often gets unfairly stereotyped based on its weaker films, especially those that came out of troubled collaborations. But when people talk about Marvel, why is there so little mention of standout projects like the Guardians of the Galaxy films? Those are unmistakably James Gunn movies; he's even said he had full creative control. Or take Taika Waititiâ€™s Thor entries; love them or hate them, they clearly bear his unique voice. Even the Russo brothersâ€™ Marvel films feel tonally and stylistically different from the rest of the MCU.

You can also look at Joss Whedon's contributions. While Age of Ultron had its issues, both of his Avengers films still carry his signature writing style.

To me, Marvel projects are really a case-by-case situation, shaped by a range of factors. Even this year, Thunderbolts felt like it had its own identity, while Cap 4 came off as pretty by-the-numbers."
movies,Beave__,83,"From the guy that made....

A shit sequel to Resident Evil you haven't heard of

A shit sequel to 47 Metres Down you haven't heard of

A shit sequel to The Strangers you haven't heard of"
movies,yearsofpractice,4789,"The Wicker Man (OG 70s version)

Sgt Howie thought (knew) he was right spiritually and culturallyâ€¦ until it was all used against him in the most unhinged, horrific ways."
movies,Shamscam,4864,"I donâ€™t know anything about this series, but I wonder if other genres are finally seeing a return to the box offices because everyoneâ€™s suffering from superhero fatigue."
movies,The_Celtic_Chemist,5207,A director whose highest IMDb rating is a 6.2â˜… (in 2002) and lowest rating is a 2.1â˜… (in 2004). Last entry was V/H/S/99 with a 5.2. So y'all have fun.
movies,Delicious-Trip-120,878,Rhino! Rhino! Rhino!
movies,nailbunny2000,5120,"Recovering from a wound. 

Gunshot? Just take the bullet out and you will be good to go in no time! 

Also, fighting a big monster and it throws you across the room into a wall? Shake it off and get back in there champ! Do you have any idea how much it would fuck you up if you hit a solid wall while traveling at the sort of speeds necessary to propel you through the air? I'm incapacitated if I accidentally walk into the edge of the coffee table."
movies,rpawar,3204,Right? It's wild how movie magic makes it look so easy. Real-life physics and anatomy just don't cooperate like that. Mythbusters definitely showed how tough it really is.
movies,SocietySilly619,25,I fell in love with the underworld series from 1-3 recentlyâ€¦..I remember back in the day I didnâ€™t think much of itâ€¦but I enjoy it more than ever now. Theyâ€™re just fun movies
movies,numbr87,3851,With how paranoid Sidney was after the first movie I find it hard to believe she would just never talk about the possibility of him coming back unless she thought he was dead
movies,Commercial_Donut_274,818,"It's wild how much of his own stunt work he's been doing lately. Hope he takes all the time he needs to recover properly. Concussions are no joke, even mild ones."
movies,PeteGoua,1689,"getting an erection within 3 minutes to have spontaneous sex in the kitchen or in a bathroom at some oneâ€™s house 

and not taking porn flicks"
movies,Ok_Trip_8780,1376,"""why ya  going to the airport?  Flying somewhere.?"""
movies,joshua182,3818,somebody call somebody about this post.
movies,Revolutionary_West56,1817,"Very true. If you look at the dance sequences of fred and ginger films, there are no cuts. Now thereâ€™s one every second"
movies,badgersana,2573,"I have to say, Iâ€™m definitely a fan of both"
movies,nkleszcz,5499,"Which, ironically, means that Amy Poehler (along with many other of her comedy peer giants) would have to receive drastic pay cuts from back in the day.  Remember when Jim Carrey was the $20m man?"
movies,Arkeband,4811,I never knew this was a thing and now I need it
movies,plopiplop,4049,Yet human brains found it totally acceptable back then :) It's more an issue with us being trapped by overstimulation than with the pacing of old films.
movies,sanbikinoraion,6296,If they do type they don't use the space bar. You will never unsee this. You're welcome.
movies,Hot-Bake-1007,0,Bro u can't help but u can ask someone who in ur circle they can related matter about this film just try one time ask it in any spanish portuguese community so i can get help
movies,Junior-Surround-9810,274,"None of those are small or side roles those are the main roles in those three films: Sandler is Happy Gilmore, Farrell is Ron Burgundy and Black is the star of School of Rock. But a small role that impacted the plot of a movie would be Jack Black in Anchorman when he boots Baxter off the bridge starting Ronâ€™s downfall"
movies,i_love_mini_things,4293,Even Jimmy O Yang messed this up at an awards show
movies,stating_facts4U,165,Triple backflips
movies,fuckywc,471,"ik this is years old but my theory is that Steve knew that Cash prolly wouldn't take the deal, thats why he gives him the ""coke"" without telling him, knowing the whole idea would fuck him up and he would by himself turn into this ""savior"" without Steve even having to do anything, but then it backfire at the end"
movies,thecescshow,4169,Haikyuu really bums me out man. All the hype from the previous seasons were pretty much deflated when they announced the movies.
movies,spacebalti,3234,"And an 8.5 on IMDB, placing it in IMDBs top 60 films of all time. Also incredibly high"
movies,stairway2000,1826,"Watership Down.

Chitty Chitty bang bang.

The never ending story.

Scream.

Halloween.

Psycho.

The crow."
movies,Scorchstar,4406,"Reddit is full of people who will just absorb the exact opinion they vaguely align with.Â 

I think itâ€™s a big risk. I also donâ€™t think it means that EVERY actor doing stunts is just to stroke their ego.Â "
movies,PaladinCloudring,3323,"When it's back on netflix, it'll be here: [https://www.netflix.com/title/70007071](https://www.netflix.com/title/70007071)  
You could just watch it on youtube now if you wanted to, instead of waiting. [https://www.youtube.com/watch?v=JkCbhmH0wi8](https://www.youtube.com/watch?v=JkCbhmH0wi8)

ETA: All the local streaming services are wating on a rights renewal, which might take a while. Can't even buy to watch via prime."
movies,TaiVat,5422,"One piece is insanely old at this point though. 80%+ of those manga sales are from people who have grown up, moved on and lost interest. Not to to say that its lost popularity entirely at this point, but DS is *far* more into its peak popularity at the moment. I kinda doubt a OP movie would do particularly well at all in the theaters. Especially outside japan."
movies,SaltSmooth5713,1280,Am i the only one who feels sorry for alex? Imagine seeing your parents like that ðŸ˜­
movies,Pleasant_Border_107,357,"So funny to me how people believe Tomâ€™s â€œspoilersâ€ are anything but intentional, pre-approved marketing stunts"
movies,ZorroMeansFox,4862,"Lindsay Anderson's **O Lucky Man!**

All the movie's soundtrack songs are written and performed by Alan Price (of **The Animals**), who we see recording each ""inserted"" song, all directed by Anderson and shot by his great cinematographer Miroslav OndÅ™Ã­Äek --who also appear on screen doing this, along with other real members of the movie's crew, almost as if shooting a series of music videos (which soon starts to build a sort of meta momentum).

The songs function like the narrative's Greek Chorus, providing a supporting tone and providing lyrics which comment poetically on the story."
movies,Certain-Forever-1474,58,"I never really had one, but when I saw Christin Wigg in the secret life of Walter Mitty, I fell in love with her girlish charm and the way she spoke."
movies,123diesdas,2427,I started doing dead hangs the last couple of days. An exercise for the back where you just hang for an amount of time. This is so hard. Iâ€™m like one week in and can only do it for around 30 seconds. So yeah itâ€™s not as easy as movies made it seem to be.
movies,OobaDooba72,4787,"Sure, comedies rarely fill the hour slot, and dramas tend towards it. But that hardly means length has any bearing on whether something is a comedy or not. 

Again, The Bear. Not really a comedy. Won for the Comedy Award because most of the episodes are *about* 30 minutes. They're far from uniform, ranging from 19-29 minutes (and thus would be difficult to program in a traditional format TV if it wasn't a streaming show), plus the season finale is 47 minutes which would fit in the ""drama length"" category."
movies,illizzilly,2875,Return to Oz
movies,BlueLobster747,1023,"We're in a similar spot on the top 100 list :)

Grave of the Fireflies would be my clear choice. I:m not a fan of animation in general but this movie had me glued to the tv. Fantastic movie"
movies,leviano_,3125,Pedro Pascal before Pedro Pascal
movies,superrealaccount2,154,"Trust me, I know. As far as I'm concerned, he can be a TV show host until the universe implodes, I just don't want to see him. Unfortunately for myself, I have felt like watching the Oscars some times..."
movies,leviano_,3125,"Added to the list !  Prolly will catch up on it on the wd

All the best"
movies,TopicalBuilder,245,"Typically back then heroin was sold in balloons and cocaine was sold in regular ziplock bags. Vincent's dealer had run out of balloons.


That's why Mia ODs. She assumes it's cocaine because of the container and snorts some."
movies,yoshimitsou,2341,Right? And the grave is always a neat rectangle with perfect right angles.
movies,paxwax2018,2518,They tend to jump in front of you.
movies,KILO_NEWTONS,0,Never thought this day would come.
movies,RealJohnGillman,2954,And sometimes your post gets removed after an hour by a moderator just so that same moderator can then post the article themselves.
movies,UMustBeNooHere,4176,"No way RotS is 20 years old!

[google search]

Jesus fuckin christâ€¦.."
movies,ResistFate,693,"i see your colon cancer,  and raise you one raped to death with knife tipped strap onâ€¦

(Fincher folds)"
movies,Frito_Penndejo,1621,"For true rollerblading 90s greatness, you have to watch Airborne!"
movies,FrameworkisDigimon,3066,"Stories come in two basic modes: comedy and drama. (tragedy I prefer to mean something else)

You can fuse these two basic modes with various genres or you can treat them just based on their own terms. 

Comedy tends to be merged with other genres when it comes to film. The most famous two examples are romcoms and action comedies. If you want to define ""pure"" comedy as comedy without genre elements, then I guess we're going to have talk about things like Bean or Mr Bean's Holiday. 

Drama stands by itself without genre elements to a much greater extent *at first glance*. The reality is that the straight action film is really an action drama, we just don't voice that it's in a dramatic mode because we treat drama as a default. This isn't an inherent condition but it's the current condition.

The fact drama is often treated like a genre rather than a mode is might be why the dramedy exists. You infuse a comedy plot with dramatic conventions and voila, a dramedy. Wikipedia calls such films comedy-dramas.

This is what I think Poehler means by pure comedy. It's films whose only mode is comedy, regardless of genre additions, with no dramatic mode. EEAAO and Birdman are both listed as comedy-dramas on Wikipedia which should obviously make sense. The King's Speech is introduced as an historical drama film and has no references to comedy at all. I think this is a more natural concept for pure comedy than carving out something like Baby's Day Out because it's an ""adventure comedy"" or National Security because it's an action comedy.*

So, where does this leave black comedy? Well, black comedy is just a kind of comedy.

*Mind you, most action comedies tend to exist in a drama mode... normally it's an action movie but with more quips. Or, in the case of EEAAO specifically random as fuck shit just stuck in as visual gags. Some instructive examples might be to compare and contrast Shanghai Noon and Shanghai Knights."
movies,TaiVat,5422,"You're phrasing that as if those two things are unrelated. Things dont stay ""insanely popular"" if the quality of the product doesnt stay high."
movies,Metboy1970,2272,Flying a helicopter with only rudimentary flying skills.  Action star looks over controls for a moment and figures it out.
movies,ZekkMixes,4749,"It probably helps that he's lawyer who's famous city-wide. I realize he takes a lot of cases pro bono, but I imagine he's not hurting for money with his reputation and case record."
movies,MrElendig,4777,getting shot trough the heart and just walk it off
movies,Tifoso89,3310,"Talk for yourself, Saltburn was amazing. 

Promising Young Woman says nothing new or original, and the premise is idiotic because she does those convoluted revenge schemes. Plus it sends the message that all men are rapists (so original, I haven't heard that one before), and the twist that the doctor guy was involved in the rape is obvious and I saw it coming the moment he first showed up. It's good if you have seen very few movies"
movies,DonutHoles4,2613,Why does it suck for you now?
movies,FunNo1326,490,See how most of them are actors but not actresses
movies,thawk5113,3102,"Running away endlessly, perfect witty comebacks, waking up flawless, instant hacking, and surviving explosions all look effortless in movies but arenâ€™t realistic."
movies,QuackAtomic,1792,Getting hit and knocked out for an extended period in real life would either kill you or damage your brain.
movies,Codeofconduct,3990,It's so good. Prepare to have lots of angry reactions after it's over though budÂ 
movies,DonutHoles4,2613,"OP, what kid movies do you not like now?"
movies,Jimmeh_Jazz,4490,I can assure you that they do
movies,Grouchy_Peak3433,129,That would be hilariousÂ 
movies,DonutHoles4,2613,Sometimes kid movies are supposed to be silly. Also it's nice how sometimes when you're young almost any movie seems good because you're young and have not much life experience so far.
movies,mithridateseupator,4598,Sad that you needed a whole two paragraphs to clarify that the guy was not a creep when all you said about him was that he encouraged girls to exercise as a gym coach.
movies,KarlitoDogg,2319,Just saw the movie and dude was right . Just let it happen. Because fuxk that monster in the cave shit
movies,Past-Obligation1930,56,and was that good writing?
movies,jnovel808,3316,â€œGet Helpâ€
movies,Revolutionary_West56,1817,"Ah yes Iâ€™ve had this with other old films. Pacing was wild back then. Or rather, not wild"
movies,So-Not-Like-Me,2012,E.T.
movies,The-Faz,3330,"This is incorrect. Im not going to undersell the dangers of being knocked unconscious, but you absolutely can be knocked out cold then wake up and function normally in short order. You donâ€™t always get a severe concussion.

However, that doesnâ€™t mean that while you are functioning fine in the immediate aftermath, you wonâ€™t feel the effects in your later life from health complications from brain damage"
movies,ursois,3214,"The Monster Squad.

""Werewolf's got nards!"""
movies,ddogdimi,3173,Very very slow for starters. Still a classic.
movies,FuciMiNaKule,4152,"88 concussions, one for each key"
movies,TaiVat,5422,"Honestly, good. Maybe their fees are on the low side, but the modern western fad to glorify actors or animators like gods and pay them tens of millions while the other 10000 staff responsible for i.e. a movies production get a regular flat pay, is beyond insane  and a big part of why hollywood movies cost 10x this to make and look half as good.. Hate to break your circlejerk, but without those people taking care of production, distribution etc. etc. the product wouldnt exist (effectively or literally) the same way it wouldnt without the animators and voice actors."
movies,TopicalBuilder,245,"It's identified as Marcellus's in the trivia on the collector's edition. I always thought it was Vincent's, too.


Vincent also should not have left it unattended."
movies,Fearless_Feeling_284,882,"I don't think you know how Reddit works, you replied to three different people. You can try on r/TipOfMyTongue, but your post will probably be removed since you're searching for a CERTAIN TYPE OF FILM. Personally I can't help you with that."
movies,ursois,3214,This one.
movies,Kanute3333,1342,"I watched it recently and even though it is already 30 years old, it still looks like it could be produced in 2025. The cinematography and visuals are timeless. Really a masterpiece of art."
movies,ArjoGupto,1560,"Cassavetesâ€¦ Rowlandsâ€¦ Women Under The Influence! With those touchstones, the anticipation is even greater."
movies,cppn02,4178,">There are nearly 100 new anime released every year

Way more than that. There are like 50-60 every seasons."
movies,RealJohnGillman,2954,"Technically no film directly stated him to be thought dead until *Scream VI* â€” in previous sequels his living status was justâ€¦ not talked about. To note that had they revealed him to be alive in *Scream 3* as originally planned, all the other characters would have known about his survival already, but simply not have been talking about it (since the focus was put on Billy)."
movies,BaronVonAwesome007,3101,Hoist the colours matey
movies,ZnarfGnirpslla,398,?
movies,Crustysockshow,1829,"Wait, heâ€™s really just a producer?!! That marketing campaign had me thinking it was the next title in his series lol. That kind of explains the Him trailer; I expect a lot from Peele and itâ€™s been feeling a little iffy."
movies,grand305,3124,Scary movie franchise. Classic.
movies,midasza,1092,"Taboo for me. Creepy, weird and i can't see anyone else playing the main role."
movies,I_W_M_Y,4414,Maybe Groundhog Day was just Phil getting a new concussion each day.
movies,InspectorMendel,3720,I have some good news for you about Jimmy Kinmel
movies,Specialist_Stop8572,350,Moving back to your hometown and snatching your high-school ex-boyfriend from his wife
movies,SwagginsYolo420,4116,"A pilot for a show, that just this year was ranked as [New York Times #1 best film of the 21st century](https://screenrant.com/mulholland-drive-movie-greatest-nyt-list/), the BBC also [declaring the same](https://www.bbc.com/culture/article/20160822-why-mulholland-drive-is-the-greatest-film-since-2000). Among the numerous other accolades it has received since release.

Yet it couldn't get picked up for series by network television. This is why we can't have nice things."
movies,trapezebetty,261,Cold Comfort Farm
movies,KarlitoDogg,2319,So glad people saw this funny
movies,dogsh1tmods,22,CSM targets the same demographic that Demon Slayer does btwÂ 
movies,Konman72,5057,There is no right or wrong answer to this question. The question is the point.
movies,iThinkImATree,117,"The mod needs to post it from their alt account so they get the karma.

Nothing else matters. Must. Gain. More. KARMA."
movies,KarlitoDogg,2319,So glad other people saw this funny too
movies,Lasborg,3729,The unnerving audio is what makes it super scary.
movies,sniptwister,3503,"Sophia Loren. I was 11, and just noticing that the world contained these creatures called girls, and that there was something compellingly attractive about them, when I was taken to see El Cid. Thus the benchmark was set. This has led to a lifetime of unrealistic expectations, disappointment and bitterness."
movies,TaiVat,5422,"Will we. I remember waiting like 20 years for the evangelion movies to all come out.. More of a remake than a final arc in that case, but these kind of schedules are the furthest possible thing from ""eating good"". Especially for things like demon slayer where the technical quality of the tv series is more than high enough anyway."
movies,The_LoneRedditor,4288,"Yeah, it was revolution. Started off great but became weird and terrible"
movies,Dead_Starks,4492,The Count of Monte Cristo from 2002 for sure had one. Not sure about the other adaptations.
movies,ianscuffling,5794,"When I was a kid I always used to try holding my breath in underwater scenes to see if I could make it and I rarely could, especially when you consider the effort of swimming and doing whatever the characters were doing. I thought I was really unfit or something. 

Then I grew up and realised â€œoh itâ€™s just movies, none of this shit is possibleâ€ and felt better about myself"
movies,trapezebetty,261,I love you to death
movies,silvio666,3197,"Knocking someone off by hitting it on the head. With the back of a gun or any heavy object. Then the person wakes up later just fine. Without any trauma. Same on the back of the head, without killing ðŸ˜‚"
movies,dogsh1tmods,22,One Piece is the best selling manga of all time in terms of total volumes sold but Demon Slayer sells more on a per volume basis. 9.6 million vs 4.6 million. One Piece at its peak sold 38 million volumes in a year compared to Demon Slayer's 82 million volumes.
movies,Imoneclassyfuck,3662,Donnie Darko
movies,MillieBirdie,3529,"And they do it with metal chains, girl all you're gonna do with that is garotte yourself or break your necklace. 

It does look cool though."
movies,ashleighjos,3272,"I used to enjoy 'Signs,' as a kid. But I also watched Alien at around 10 years old (and had nightmares) so maybe I'm not the best one to input here. I also think Insidious is quite a good introduction to horror for kids, because it's a little silly, but again depends on the kids. The Woman in Black may be another spooky film that isn't too scary.

More kid friendly ones are Coraline, Monster House, Corpse Pride, Hocus Pocus, Scooby Doo, The Haunted Mansion, HalloweenTown, The Nightmare Before Christmas, Casper, The Little Vampire, Ghostbusters."
movies,Noto987,2736,all fun and jokes till a earthquake happens
movies,azhder,5384,"Brand new day, brand new concussion"
movies,Canavansbackyard,607,"Um, yes, we know. ðŸ«¤"
movies,ImpressiveTop3092,56,Lmao
movies,TaiVat,5422,"Bro its 99.9% pixar. The whole movie is basically discount frozen, but with a kpop theme and some very occasional ""cartoony"" facial expressions."
movies,diesalher,5002,Tom Wilkinson
movies,Jasonguyen81,2203,Well concussion causes temporary memory loss
movies,battleofflowers,1019,This is why so many murdered bodies are found in shallow graves.  People will start digging and then realize how hard it is and stop.
movies,Everyday_Sprezzatura,588,"Jean Seberg. First saw her in Paint your wagon, then Breathless. LAFS"
movies,Mark-a-roo,3321,Definitely a guilty pleasure flick of mine.
movies,ianscuffling,5794,"Yeah this is the one thing I get unreasonably annoyed about. Everything else here is mildly irritating but I specifically hate the way fight scenes are choreographed to look â€œcoolâ€

I feel like they were always pretty bad. Then crouching tiger hidden dragon and the first matrix popularised this weird sequential dance like fighting and thatâ€™s never really gone away. 

Itâ€™s been made worse with the popularity of MMA in my opinion so now itâ€™s that weird dancing plus MMA moves. 

And donâ€™t get me started on how WHENEVER a woman is fighting, it seems to be the absolute law that she has to flip up, wrap her thighs around her opponentâ€™s head, and flip them down like black widow. I donâ€™t think marvel started this trend, Iâ€™m sure it was probably a bond movie or something but goddam fight choreographers cannot seem to stop putting this boring-ass dumb move in every fucking movie where a woman fights"
movies,Hot-Bake-1007,0,Thanks for replying bro buti want the movie that i told in the story
movies,berlinbaer,5478,"dumping random USB sticks outside the facility they want to hack into in hopes of some dolt just picking one up and plugging it in.

my favorite still the scene with the old lady in the office he tries to social engineer with some tech mumbojumbo, when she just straight up is like ""nah, that's bullshit, i made sure everything is secure by installing my own stuff"" when she then gets up and leaves her workstation you even see her lock it with the windows+L shortcut."
movies,TwoTypesOfGames,814,I watched when it came out and I was 12 years old. I knew it was an absolute banger even back then.
movies,ChiefLeef22,1884,"Yeah, at least on this sub if you don't see a post from that marvelgrantman guy the literal second an article dropped then I just assume it has been removed lol"
movies,Ancient-Inspector946,622,Knocking out someone cold with one punch.
movies,BlossomAngel88,413,"People dealing with grief or a tragic situation takes only a few day or weeks. And, their friends think there is something wrong if they are not over it after 12 months. It literally takes months and months to get over the shock before you can even start to deal with a unexpected tragic situation."
movies,Gunfighter9,3181,It's spinning the brain that makes it work. Well that is the way to describe it in simple terms. My dad was 58 and was sparring with a guy who was wanted to learn how to box (My dad was Golden Gloves Middleweight and a ham and egger for a few years) and knocked him out with a right hook.
movies,billybassbigmouth,38,Brink!
movies,TaiVat,5422,"No it wont lol. Anime movies arent a new thing at all, including theatrical releases. That shit has been there for decades. The reason its not some main method of releasing content is precisely because demon slayer is the exception of exceptions and everyone in the industry knows it."
movies,Shamanyouranus,2523,"Mac does it in Always Sunny and is immediately in a ton of pain and heâ€™s like â€œquick, do the oath!â€ and Charlieâ€™s like â€œeww, Â no. Iâ€™m not touching your bloodâ€"
movies,Revolutionary_West56,1817,"Oh shit, how so? I havenâ€™t rewatched it since a kid and was considering it soon so just wanna know what to let myself in for"
movies,CountMeChickens,119,"Finding someone in a forest at night, without dogs.Â "
movies,llliilliliillliillil,644,Sixth time's the charme
movies,Crustysockshow,1829,"Did I state that abbreviations in general are a gen z invention?? Cmon man, keep up

Plus, abbreviation have been around a lot longer than â€œMedieval monksâ€â€¦most old and ancient languages have used them for millennia, especially the ancient Greeks and Romans â€” hell I wouldnâ€™t be surprised if Egyptian hieroglyphs or Sumerian cuneiform used them too!"
movies,lone_wolf1580,1651,Romy and Micheleâ€™s High School Reunion.
movies,East_Requirement_508,209,"You're thinking too deep into it lmao.

99% of race jokes are stereotypes, aka a form of referential humor. It doesn't matter if the stereotype is actually true or not, it just matters that you know of said stereotype. Many stereotypes are actually statistically false, and many non stereotypes should be stereotypes because of how insanely true they are.

For example, ""white people can't tolerate spicy food"" is a stereotype. It's not true really, whites don't have some sort of genetic intolerance to spice, and some of the most tasteful dishes are from europe, but if I made a joke about that, it's ""funny"" because it references that stereotype.

Now let's take, ""business owner is a white job"". This is not funny, because it's not a stereotype. Business owners may be predominantly white statistically, but if I made a reference to that, nobody is going to laugh.

Telling racist jokes technically has nothing to do with whether or not someone is actually racist, even a someone saying a racist joke in a malicious manner, they could just be saying it to be a dick, and they don't actually believe what they say, and someone joking about it even in a tolerable way can secretly be racist as hell, but knows how to properly mask it off as jokes. And you'd never know, hell the guy telling the jokes probably doesn't even know.

The only way you can be sure someone isn't racist, is if they don't get the joke at all, meaning they don't get the stereotype/never heard of it, meaning it's impossible for them to believe it. But that practically doesn't exist in modern society anymore, with how mainstream race humor has become. Even someone who didn't understand to begin with will now be influenced by the jokes, to the point they might start believing stereotypes, or at least thinking about them.

Now the reason why it's ""funny"" is because it's supposed to be ""offensive"". Race is seen as a taboo topic in society (at least at one point), so making any reference to a possible stereotype is funny because ""you're not supposed to do that"", similar to why potty humor is funny for kids, because usually parents tell the kids that talking about such topics plainly is ""rude"".

This is what separates stereotype from statistic. A statistic that has to do with race, would be more true than any stereotype, but isn't funny because it's not seen as ""taboo"" to talk about that statistic. It's basically dollar store dark humor. People make dark humor jokes for the shock value and because it's ""morally wrong"" to make that joke.

You could argue race humor has devolved into just people finding anything that even mentions race funny, even without the stereotype. For example, someone randomly just saying ""because he's black"" to a non stereotype, but that's a conversation for another day."
movies,FrameworkisDigimon,3066,"Literally the fact they're listed as comedy-drama films on Wikipedia (better known as dramedy).

Contrast Baby's Day Out, The Pink Panther Strikes Again, National Security, How To Lose a Guy in 10 Days or Death at a Funeral."
movies,Hot-Bake-1007,0,Ok tell me story i will try help u if i know that
movies,dogsh1tmods,22,Doubtful. The majority of Demon Slayer's sales are from Japan. And Demon Slayer is way bigger than JJK over there.
movies,berlinbaer,5478,"here nearly every bar and club has a 'default' beer usually you see it plastered on the fridges, etc. so yeah a shitload of times i've just gone to bars and ordered ""a beer"" and knew exactly which one i would get."
movies,Beave__,83,"Fun fact: Costner wanted to do an English accent but the director thought it was terrible (correctly) and said don't do it. However, Costner persevered and started to talk in the English accent in his scenes, as well as around set, staying in (terrible) character. There was something of a power struggle, as Costner's fame was peaking around this time.

What makes it into the film is roughly half Costner's shite accent and half American accent - with quite a lot somewhere in between. Inconsistently performed and edited. 

The worst of both worlds."
movies,staycool93,94,Star Wars: Revenge of the Sith when I went to the 20th anniversary showing.
movies,becherbrook,1933,"Only going off my own kids, but they were actually a touch younger when they first saw Ghostbusters, Gremlins and Beetlejuice."
movies,Nesquick-on-tap,2006,What a ridiculous postÂ 
movies,Strange-Exchange,2039,"Yeah, the muscle up would be extremely hard in a movie scenario where you hang onto the edge of a building or something similar. It makes the muscle up way harder than on a pull up bar, where you can rotate your wrists.

But as you said, someone with at least a few months of rock climbing experience would probably use their heel to help lift themselves up, and that's way easier :)"
movies,Status-Effort-9380,1697,"Labor and delivery. I know itâ€™s just for plot, but labor is rarely a big emergency requiring a rush to the hospital. Itâ€™s so rare to see a realistic depiction of birth in a movie."
movies,Gunfighter9,3181,"TBH, when it goes down you are not going to have time put in your earplugs or hearing protection.  Trust me, it won't even seem loud. And shooting outdoors is just as bad."
movies,MillieBirdie,3529,Getting a class of high schoolers to pay attention. Giving a quirky emotional speech is not gonna cut it.
movies,MotherInteraction465,244,"That monologue could be the best thing about the movie , its the scene where Smiley uses the most words , and its almost like a play creating their talks with EXACT pauses as he would have used all those years ago in front of Karla . Perfect scene I'd say ."
movies,FrameworkisDigimon,3066,"I dunno, I've never seen a one hour comedy unless you count Teachers. Which, to be fair, maybe you should.

If you've never seen Teachers... imagine Scrubs but in a high school and English for an hour (and not as good)."
movies,sixcarbxn,4967,The whole bonk-in-head-go-to-sleep thing is impossible for me to suspend anymore. You canâ€™t just bash a human head and safely incapacitate them.
movies,SafeEntertainment966,1756,Vivien Leigh ðŸ˜
movies,roidoid,5832,"Been a long time since I watched it. Might relieve myself of that burden this evening. Itâ€™s terrible, but gloriously silly."
movies,battleofflowers,1019,Mary Queen of Scots took three swings of the ax.  This was witnessed by dozens of people.
movies,Wide_Damage9521,1271,Love and Monsters on Netflix.
movies,Suspicious-Chef6345,195,And yet Superman IV is so much worse!!!
movies,saywhatyousee,5286,"I rewatch these with my kids, and they love them. They are still magical to that demographic, and you might have just aged out. Iâ€™m not sure how I would feel about them without my kids there, but that first shot of Bastian riding Falkor at the end brought a happy tear to my eye recently."
movies,Pvt_cluckins,2058,"The neverending story. Watching it now makes me want to slam my head repeatedly into a car door.

But I still love flacor!!!"
movies,PrestigiousWaffle,4217,"I reflexively took off my glasses during that scene, just so i didnâ€™t have to see it in all its glistening glory"
movies,SYSTEM-J,3406,I would watch any old bollocks as a kid provided it had some kind of stop motion dinosaur in it. Stuff like The Land That Time Forgot or When Dinosaurs Ruled The Earth. I don't even need to rewatch them to know they're complete twaddle.
movies,Gunfighter9,3181,Starting a fire without using matches or a lighter.
movies,TrueLegateDamar,1037,There's still time to do worse. Like firing several castmembers from Doomsday and reshooting their parts for speaking up.
movies,FrameworkisDigimon,3066,Dramedy is definitely *not* pure comedy.
movies,candlejack___,541,"I thought it was rich people ice, like they can afford ice that acts as a jelly or something lol"
movies,MoHataMo_Gheansai,1603,"The one time I would have excused the trope and filed it under:

""A Wizard did it"""
movies,StingerAE,3135,"Margaret Pole.Â  Pretty badass.Â 


https://en.m.wikipedia.org/wiki/Margaret_Pole,_Countess_of_Salisbury


I fondly imagine that if I was unjustly executed by a tyrant that I'd be as brave/defiant. But i doubt I would."
movies,MotherInteraction465,244,"Very well said and I do agree . I watched it recently and it blew me away in a sense that not many movies do , its deeply engaging and kinda in a crunch cause so much happens in such a short span of time . 

I watched his acting and it just stands out , among countless films that I have seen . I saw a clip of him in some interview and he mentioned that he worked around 7 years with Nolan through the batman films , and through out the years he only got 2 notes and how they communicated about the role that he was performing . He is a masterclass in acting (and in terms of directing I'd also say Nolan has done a lot of fascinating and influential work for the industry as well) . 

After this I watched a series called Slow Horses in which Gary Oldman is brilliant . Among his most engaging roles as well , just cant get enough of it , altho the series in itself is not THAT great , but it is good ."
movies,grmayshark,3055,what you didnt know was that all the people reposting it also got a concussion and forgot it was already posted several times
movies,Overkill1977,271,"30 years? I can still remember staggering out of the cinema whilst wanting to throw up after seeing this. Couldn't even console my girlfriend, who was crying her eyes out. 

What a fucking film!"
movies,loquent2,3220,My wifeâ€™s biggest pet peeve is scalding hot coffee being gulped down.
movies,Certain_Leadership70,1445,"8 months? What are you talking about ?


The movie came out 2-3 months ago"
movies,Earthbound_X,3768,"Those types of movies never work for me. You can't make a good bad movie on purpose I feel. It has to be a genuine attempt, not start as a joke."
movies,PatientCalendar1000,925,The stand in for Judy garland Caren marsh doll is 106
movies,RedHeadRedeemed,762,"And is wearing his shirt and it's always JUST big enough to be a dress on her. Like bro, your guy is skinny enough he's probably wearing a medium at best, that shit ain't going to be covering your ass"
movies,PatientCalendar1000,925,3
movies,AbbeyRoad75,2751,"Something boxâ€¦ something box of chocolatesâ€¦.



I like the ad lib, â€˜I didnâ€™t do thatâ€™, but Spacey can go jump off a cliff."
movies,CharMakr90,2238,"Abbreviations have been around since medieval monks were writing on parchments, what are you on about?"
movies,luxmesa,2258,"This happened to me once. You see a story like this posted somewhere else. You check /r/movies to see if anyone has posted it yet, and you donâ€™t see it, so you post it, not realizing that 4 other people did the exact same thing you did.Â "
movies,IanRastall,185,"I saw Superman III a bunch of times in the theaters when I was young, and I thought it was awesome. But someone recently was watching it on a reaction channel, and man... that movie was so bad I couldn't even get past the opening credits."
movies,cantaloupelion,4549,"omg love it all but

> he was just an intense nut job who acted like he was YOUR COACH to anyone who came into the gym

i-is this a threat lol"
movies,DawnSignals,2372,"I keep giving them chance after chance, and keep getting burned time and time again now, if those doomsday movies donâ€™t deliver Iâ€™m out frfr"
movies,dogsh1tmods,22,The budget for their anime is actually pretty average. They're just really good with using special effects
movies,jakreth,4538,And Dracula
movies,canadiadan,4863,Adam Corolla had a good rant once about how the most unrealistic thing in action movies is the grip strength.
movies,turdbiter3000,1616,How is cocaine baggy different from a heroin baggy?
movies,Nemanthil,3279,"And it would make even more if it was released in more theaters. I have to travel at least an hour to see it, and thatâ€™s expensive even before the ticket price."
