subreddit,account_age_years,comment_text
gaming,8.45,The Xexiest Box
gaming,14.21,Myst.
gaming,0.56,The legend of a player casting a fire spell on the creator in game and killed him ðŸ˜­
gaming,14.45,"It was still fun years after it came out as a pirated PC game download lmaoooo

The only part I was like ???? bruh why??? was the stupid part where you have to fight literal giant ants in a VR world or something. That was painful."
gaming,0.85,"Ah it sounded interesting aside from the ""single player"" thing. I tend to dislike single player games."
gaming,9.21,"Looking at the OP's history, like wtf. Dude is farming upvotes or what? Also, it seems post about XBox dying is a good way to farm karma."
gaming,8.95,Minecraft
gaming,14.15,"I had a castle that I placed the evening they unlocked housing placement. It was immediately outside of the little path coming out of Deceit.

All of my neighbors had castles and decorated them so nicely and mine was literally just a storage warehouse...

It was a grand old time."
gaming,9.97,Yeah but I'm saying in reference to all these people for the past few weeks saying that Microsoft is just shutting down Xbox
gaming,2.54,"I donâ€™t agree that that is what modern PvP mmo players want. But do agree that is why these games continually fail.

Modern PvP players havenâ€™t seen a karma/bounty/murderer system with penalties"
gaming,5.87,"Very glad to hear that, considering I really liked the original too!

Now I facepalm at myself for why I didn't try it out during early access"
gaming,10.06,This was a freakin' great one.
gaming,14.78,"Oh man, that must've been *ages* ago. I would guess maybe Legend of Zelda: Ocarina of Time. Or, it's very possible it was Super Mario Kart (the first one). Man...I've been gaming for over three decades now. And no signs of stopping any time soon :D"
gaming,12.58,"Why do ya'll keep saying this? New Xbox consoles are in development.

https://youtu.be/VOCtRanwXrA?si=1j5jsEn3bqswU9dZ"
gaming,6.23,You getting lost every time just proves how good the layout is
gaming,1.72,Yes.
gaming,1.41,Goty is going to be a bloodbath! What an amazing year for gaming!
gaming,1.72,"Expedition 33 reportily only cost around $25 million to make, and it blows a lot of bigger budget games out of the water."
gaming,13.42,"Right? I went the other day and for like 7.50, fed the whole fam for lunch. Unheard of anywhere else these days."
gaming,2.94,Rip giants and farming sim 2025 Nintendo will claim they invented farming
gaming,8.48,[Harry failing the karaoke check in Disco Elysium.](https://youtu.be/jn2x9CSSvhs)
gaming,2.19,The combat is not even close to Sekiro. Itâ€™s incredibly easy once you figure out the rock paper scissors. It just gets boring from there.
gaming,8.22,"Let's gooooo!

Been there since the early access release :]"
gaming,9.94,"Great game once i gotten the chance to play it on PC, never had access to PC gaming till late 90s and being in love with Uncharted Waters on Genesis i always wondered how much more powerful these type of game would be on DoS machines as a kid. This game showed me the possibilities once i gotten my own PC for sure."
gaming,10.06,This is impossible.  Nothing will hit her.
gaming,0.29,Bro is skibidi ohio labubu ðŸ’€ðŸ˜­ sigma
gaming,0.85,"That's because that game was cheeks.

Acceptable games to remember fondly in that era were Legends of Kesmai, Ultima online, EverQuest, Shadowbane, Ashron's Call, Dark Age of Camelot. Maybe early Star Wars Galaxies too but that was on the tail end of the 1st gen era and it humped the bunk with the ngu changes pretty bad."
gaming,8.64,"So, what changes from the early access to main release?"
gaming,12.58,"No, they're pivoting to new systems. They've already announced the next Xbox is in development using AMD and there's also the portable/handheld Xbox Ally or whatever that's coming soon.

https://youtu.be/VOCtRanwXrA?si=1j5jsEn3bqswU9dZ"
gaming,8.1,"Cool, I'll continue sailing the high seas."
gaming,1.35,I already told you I don't want a gimmick console. It's weird that you do.
gaming,0.01,k.
gaming,3.82,Give it 6 months dude. Zero reason to rush and buy it right now. Itâ€™ll be half the price with most of the kinks worked out by then
gaming,2.09,Everquest
gaming,1.78,Great point actually.
gaming,12.99,BOOMBLOX TOURNAMENT!
gaming,6.98,I wish more games innovated like this did. It was an ambitious game ahead of its time and for the most part delivered.
gaming,12.2,"I knew something was weird about this! I almost got my hands on one at Samâ€™s Club a couple weeks ago. It was super heavily discounted. I checked out and nobody brought it to me, so I went to the memberâ€™s counter and they told me it was already out of stock :("
gaming,8.98,"I honestly donâ€™t understand why there needs to be communication at all. The game speaks for itself, doesnâ€™t it? why do we need a bunch of placating words written by devs in the first place?Â "
gaming,9.72,"It wasn't very extensive.

They took Cloud out and put Balthier in his place, so that substory got rewritten a little. Other than that there were two bad jobs added, which... honestly, who gives a shit. They were total gimmicks. I'm not going to lose any sleep over Dark Knight, which had a grand total of TWO MOVES because it was never intended to be anything other than a boss."
gaming,3.96,"I've put 10,000 hours into OSRS and I still confused this game for OERS"
gaming,7.67,Bank!
gaming,11.87,Kal vas flam
gaming,7.3,Oh please
gaming,2.95,OG Minecraft
gaming,15.07,I had a 5900x and 7900xtx and have had worsening performance over time.
gaming,11.32,"I miss this game so much you have no idea. Never liked WoW so i went to other ganes like Redmoon Online, Priston Tale, Ragnarok, Cabal Online, Atlantica Online, etc."
gaming,0.8,Probably Fortnite. Or maybe Pokemon sword. I canâ€™t quite remember
gaming,4.88,"Starcraft 2, It was one of my first games"
gaming,9.72,"It didn't have a job system.

I do agree that Triangle Strategy was good (even if the voice direction was legitimately terrible) though."
gaming,3.82,"Because what Microsoft did with the series S and X was one of the worst business decisions they ever made to the point they may not even make another console? Youâ€™re basically having to optimize every single game for two seperate platforms, adding a ton of development time for very little payoff. 

It also defeats the entire purpose of the switch, which was the marry their portable and home console lines. Having a seperate home based console makes absolutely zero sense"
gaming,0.93,"Jedi Survivor, Cyberpunk DLC+2.0, Diablo 4, FF16, Lies of P, Hogwarts Legacy, Octopath Traveller 2, Dave the Diver and Armored Core 6."
gaming,10.06,"I'm more partical to ""They played us like a damn fiddle!"""
gaming,10.66,"I know Iâ€™m in the minority but in so stoked for Outer Worlds 2 every statement out of the team has me more and more convinced they legit listened to feedback and have done their best to fix what didnâ€™t work and expand on what made Outer Worlds unique. More factions, more quest lines, flaws give much more unique and interesting effects, the combat is smoother, while still having the zany Uber corporate farcical humor and the build focused dialogue options that made the game a blast (canâ€™t wait to see how they top being so dumb you can fly your ship into the sun)."
gaming,9.26,"You are 100% correct.


Losing the lead writer for ME1 was a big blow. There was a plan, and then they abandoned it and just hodgepodged the trilogy together.Â 


Honestly, kinda like the star wars sequels"
gaming,9.12,He obviously meant KCD2 because we're talking about games that came out this year.
gaming,11.83,REEEEEED FACTION!!!!!!
gaming,9.72,"> But yes, I would like a new game instead of FFT being re-re-re-re-released.

The last semi-stable release of FFT was 20 years ago, and that version sucked.

It hasn't been playable on anything other than a very specific patch of Android that went out of date and won't boot a month after it was released, for nearly 13 years.

There hasn't been a GOOD version of FFT since its original release in 1997, since the PSP barely ran at 15 FPS (and the original game was specifically cut down scope-wise from Tactics Ogre in order to hit 60 FPS on the PSX).

I know you want to go ""GRRR RE-RELEASE BAD"" but FFT hasn't been playable in 25 fucking years."
gaming,9.99,"Probably Giana Sisters, Bubble Bobble or Defender of the Crown."
gaming,6.69,WOW.
gaming,3.82,I donâ€™t agree with that in the slightest
gaming,12.17,"But they did! After the original vanilla Xbox, it was:

* Three-Sixty
* One
* Series

/s"
gaming,3.82,Regardless of technical specs it punches way above its weight in comparison to the deck. Weâ€™ve seen a fair amount of games run well on the switch already that the deck can barely handle.
gaming,0.66,"For the best graphics and connection tho, cloud streaming gamepass ainâ€™t it."
gaming,0.24,The world might be falling apart but we are in the golden era of video games
gaming,11.89,"Tactics Ogre has been my favorite for a whileâ€¦. But Iâ€™ve been waiting for a chance to get FFT. So, canâ€™t wait to play it for the first time."
gaming,9.09,Makes sense. If they're de-listing it then it's better to get some money for it rather than nothing.
gaming,12.74,PokÃ©mon Blue
gaming,5.66,I played 80 hours of the EA. Canâ€™t wait to do a new save and sink even more into this game
gaming,0.61,"Fuck it, go straight from 360 to Xbox 5. Take THAT Sony."
gaming,4.03,"is 3rd zone Theseus and the Minotaur? that was a serious wall for me back when the game came out, took a while for me to get past them the first time at all, much less consistently. Hades2 is not as straightforward in pathing so you donâ€™t have to fight the same bosses every time though, at least thatâ€™s my understanding"
gaming,0.8,Probably PES
gaming,8.08,Pokemon Platinum
gaming,10.44,No sassy Katherine from KCD2? BlasphemousÂ 
gaming,2.17,"modern MMO pvp players just want free reign to kill and troll others without having a system that ""punishes"" them for that style of game.  And that's why every last pvp-based MMORPG has failed."
gaming,0.4,GOTY gonna be a war zone this year
gaming,14.12,Either 5 or 10. 6 is just a weird number.
gaming,9.91,Hot dog and drink at Costco is essential. $1.50 since 1985.
gaming,5.84,"no, character eyelash details and grass leaves details take more priority."
gaming,1.36,Narcist Prince on Super Punch Out on SNES. The way he says ouch when you knock him down is classic ðŸ˜‚
gaming,9.12,"Oh man, did you manage to avoid playing any Hades 2 until now?"
gaming,6.72,"100% deserves 10/10 reviews. It's bigger and better than Hades, which was one of my favorite games."
gaming,12.25,"It being open world would be a game changer. If they made a sequel, I would certainly transact funds to purchase it."
gaming,13.64,Eeeooowww!
gaming,8.64,I just wanted to be cheeky. :(
gaming,7.89,Go back to Pac-Man - the classic â€œeiweiweiweiweiw-wuh-wuâ€
gaming,13.49,Yeah they would come out at night and wreak havoc
gaming,7.94,Had to be MGS2 on the ps2
gaming,14.12,"I find a lot of Sony games get a lot more leeway for their open world design than maybe they should. 

Spider-Man 2's side content is terrible and generic, far worse than any Ubisoft open world in the last few years, and yet it still got praised to high heaven."
gaming,1.52,Thought the performance was fine Randy
gaming,0.09,"People complained about Hades 1â€™s difficulty, Iâ€™m sure theyâ€™ll do the same about Hades 2 as well. Some people just really hate dying in a game, even if itâ€™s an integral part of the gameplay and story experience, like it is in Hades"
gaming,1.74,I fell of silksong! Found it too hard. Exp 33 was amazing! Yep loved the first ghosts canâ€™t wait for the 2nd one
gaming,2.15,Where have you been? Welcome back to society
gaming,12.43,"I actually played all of Personas 3-5, so it's not even a JRPG thing. It's just that Metaphor in particular didn't really hit for me."
gaming,13.49,Only the brave ventured out to the Brit graveyard to grind those skeletons.
gaming,13.6,"Link -OOT, the â€œhhhnnnggtsssâ€ as his knee caps shatter after falling 1000 feet"
gaming,9.08,It was either Oblivion or Mass Effect.
gaming,6.88,2023 had three separate games that wouldâ€™ve won this year pretty easily. And it had bangers in pretty much every genre.
gaming,5.17,"Copilot is installing itself on my pc now every single day. I never asked for it, I've turned off auto updates, I don't use Edge. I uninstall and it's back the next day.
I bought a new one SSD today and will be installing Linux and ditch Windows as my main. Fuck Microsoft with all their bullshit"
gaming,6.97,I'll check it out in a year I guess...
gaming,1.31,Yeah a gem
gaming,8.4,"Random mob \#5 on the Witcher 3 when you blast them off a cliff with Aard (force push.)  

Its just a Wilhelm scream."
gaming,0.73,Ninja turtles NES
gaming,12.92,"Wilds doesnâ€™t deserve it 


Whilst itâ€™s a good game, itâ€™s hollow and empty beneath the surface"
gaming,11.0,"Iâ€™ve heard it said that the kind of people who play metaphor tend to like JRPGs and would give expedition 33 a genuine chance.

But the kind of people who like Expedition 33 tend to judge other games on how bad they are at being expedition 33 to the point the devs at Sandfall literally had to post statements to their fandom to stop attacking other Jrpgs that they themselves respect and are inspired by.

So your comment makes sense."
gaming,6.44,[ALL OF THEM?!](https://youtu.be/biX-jh_BNEI?si=3VJlDGPBxGKO6cLD)
gaming,6.87,I am beyond thrilled that full release is finally here. I played a small handful of runs when early access first opened and wanted to save the rest for now.
gaming,8.08,And people that pay 90 Dollars
gaming,0.88,They always forget about Tibia feelsbadman
gaming,6.51,"as someone who has played ac shadows and tsushima, i 100% agree lol."
gaming,18.83,"Costco place a value on the space in their stores.

If they've decided to stop selling Xbox completely, because they think sales will fall and make it uneconomical after the price increase, then it makes sense to clear out that section of their stores and warehouses and use it for something else. 

Amazon do this too. If you follow prices on CamelCamelCamel sometimes you'll see the price fall significantly over the course of a day or two. That means that it's the last one or two of this item on a pallet and Amazon is short of warehouse space. Sometimes you can get things at below their cost - effectively Amazon is paying you to free up the space in the warehouse for them so they can use it to sell something more profitable.

In the case of Xbox at Costco, it's quite possible that Costco weren't making an significant amount of money on them, but it Xbox seen as a ""[anchor product](https://en.wikipedia.org/wiki/Anchor_tenant)"" that drew people to the store. When the console was first launched and there were shortages you would see posts on here, ""my wife found me an Xbox"" - I bet people were going in every week to check for them, and also doing their other shopping any the same time."
gaming,0.88,"Every body talks about UO and never about my boy Tibia.

Tibia gang rise up!"
gaming,10.98,"I always loved the crit and death noises from Final Fantasy Tactics.  
It was so satisfying to move behind an opponent and hear that crunch>wail sequence."
gaming,11.72,"I have been playing Ruins & Riches and its derivatives recently. They are essentially a series of modded versions of Ultima Online where the whole thing is converted into a single player sandbox RPG with a bunch of interesting systems and a new world map. They have surprisingly deep exploration as well, as there are a bunch of mysteries and secrets to discover in them as you progress.

I *really* recommend them if you are feeling nostalgic. Nothing will recreate the social settings of those old games in the oversaturated market we have now, but having the old school sensibilities makes for some really fun play."
gaming,11.91,I played the early access like it was a full time job when it first launched. I put about 35 hours in the first week and then shelved it until full release because I wanted to just start fresh and experience the full game. I am deliriously excited for tomorrow.
gaming,6.66,Did a quick check and Ghost of Tsushima had an 83 Metacritic from critics (user review average it's way higher at 92 though). The sequel has to be better in order to get a nomination. We'll see in a few days.
gaming,0.36,Hadeez nuts
gaming,6.44,Nah that was a powerful scene
gaming,5.87,The games that came out and still coming out man!
gaming,3.03,Subnautica probably
gaming,11.04,Feel like this will launch straight into game pass by the time it gets to Xbox.
gaming,12.17,I'm absolutely convinced Supergiant is one of the best studios operating today. Banger after banger.
gaming,11.79,How is it compared to Mario kart world ?
gaming,13.42,Well look at this Rockerfeller!
gaming,10.25,"The room 3, Myst... if ya like puzzles"
gaming,6.84,"Diablo 3 


Also seek an attorney"
gaming,9.13,Iâ€™m just not a Nintendo dork. My switch 2 is basically an expensive paper weight. All the games that have come out have been boring and shit ( like 3 games )
gaming,10.75,Mafia 1 racing scene
gaming,10.63,"Just installed Hades , the first one. What should I expect? Just finished silksong and trying to finish hollow knight."
gaming,13.11,For business use you need the Xbox 360 Copilot X Series X Master Chief Digital edition for Work or School (New).
gaming,10.9,"I can tell you what has one of the worst, despite being  a game I absolutely adore. Abiotic Factor.

Sometimes when you get hurt your character shouts ""STOP IT!"" and it's weirdly disturbing. It's incredibly loud, to the point of peaking the audio track, and it invokes feelings of a helpless person being injured and their only reaction is to desperately yell to stop.

It's like nails on a chalkboard when I hear it, but I only ever hear it in really stressful moments where I'm under attack so it's oddly effective.

So maybe it is one of the best injury sounds in gaming.

  
edit: Found it on youtube. 3:07 is the link doesn't work correctly. [https://youtu.be/dZUWtIOdZQ0?t=187](https://youtu.be/dZUWtIOdZQ0?t=187)"
gaming,13.25,Hell yeah.
gaming,15.99,"Probably Minecraft, i played with my buddy every week for literal years."
gaming,11.79,How is it even close - Doom Marine from Doom 1! ha
gaming,1.88,Can someone ship me one to Canada?
gaming,13.25,There are many arguments against everything you said but I just can't be bothered to argue.
gaming,12.03,Quality bait mate. You sure got these idiots believing this.
gaming,1.55,Vice City. If I close my eyes I still see me leading the cops on a 5 star chase across that bridge on a stolen motorcycle
gaming,1.54,Guy from Super Street Fighter 4.
gaming,2.59,"Got dissapointed with the roguelike elements in the first one. How is this when it comes to new weapons, run and build variations?"
gaming,2.27,Gran Turismo 2 for sure
gaming,0.09,"Unlike the first game, you canâ€™t really ignore your cast in Hades 2. It grabs enemies and keeps them in place, allowing you to reposition through dashing. 

In Hades 1, you would use Zagâ€™s speed to evade danger. In Hades 2, you use agility and positioning. I like that it gives each game a unique feel, but I understand preferring the previous style of movement."
gaming,5.06,FatShark made the engine a decade ago and sold it to Autodesk to make Vermintide. Autodesk then abandoned the engine in 2018 (just as HD2 began development) and it has been held together by spit and chicken wire ever since.
gaming,13.8,Took me about 20 hours in both games to finish my first run and I consider myself a decent gamer. So... Someday...
gaming,0.01,look in the mirror. Are you lying because you hate Nintendo?
gaming,5.44,FSR 3.1 frame gen
gaming,3.46,Witcher 3. Skellige is just too much water.
gaming,5.77,"I believe the grades should be for the quality of the remaster and not for the game itself, extremely lazy remaster"
gaming,4.04,Probably that pinball game on windows xp
gaming,8.36,"Same, I really loved the artwork for FFTA/A2 but the lore was too childish after FFT it was a really let down for me but I appreciate the fact that made the generation after mine enjoy tactical jrpgs so the genre could continue to exists"
gaming,6.49,"I hope it comes to other consoles eventually.

That's where I completed the first one and I'd prefer doing it there with this one."
gaming,3.42,Brilliant thanks! Iâ€™ll check it out.
gaming,13.4,"I have too many games to play. I'm still trying to complete the first Hades, Death Stranding 1, Kingdom Come Deliverance 1 before I get to 2025. I still want to 100% Hollow Knight 1. I have probably 10 games I'm in the middle of and like 70+ games on my wishlist."
gaming,11.22,Digimon World 2 probably.
gaming,0.85,"Well it was a mix of that but more so the games really enforced community, team work, organization, just to play the game. They really leaned into the ""alternate living world"" fantasy and everything wasn't game-ified, and lack of social media/internet resources made it so the game was a journey, an exploration with mystery, rumor, secrets, etc."
gaming,10.0,Team Fortress 2
gaming,10.9,roblox
gaming,13.11,"Itâ€™s their first true sequel, right?"
gaming,8.71,I was thinking the same thing lol
gaming,7.28,John Darksouls definitely had the best death screech.
gaming,12.47,"Yeah, I found it irritating that the final Homicide case has you wandering around town to destinations based on the killer's riddles, but most of them are places you wouldn't know about unless you'd been randomly exploring the map. You end up waiting for the game to take pity on you and just give you the answer. I really don't think the game would have lost much by excluding the free roam option."
gaming,9.44,"I loved everything except the Judge/Law system. At first, when there was only 1 or so rules, it wasnt bad, because you could just walk between tiles until you got a rule combo that worked for your setup, but eventually the game adds more and it became too much of a chore. Constantly being told what you CANT do, in a video game, is not fun. Completely turned me off. 

I can understand the intended purpose, forcing the player to adapt, but that system just wasnt my thing. I want to adapt to different enemy types/abilities, enemy/environmental mechanics, etc.. But in an RPG, I want to be able to build the sqaud I want to build and not be punished to the extreme for it by an ever-changing set of arbitrary rules. Changing rules daily also isnt 'lawful' at all. Its pure anarchy/chaos."
gaming,1.54,You can just admit you canâ€™t afford a PC or even a Switch which has sold hundreds of millions of units.
gaming,10.22,Thatâ€™s right lol. Good times
gaming,13.61,"But the point is Cole was *right*. He knew it was something more, and it was. 

He was vindicated in his perfectionism and belligerence. He needed a case to knock him down a peg, make him doubt, but have his skills show through after in Arson."
gaming,1.89,Just use poison and you win every fight
gaming,7.29,Neither are in hades 2.
gaming,1.12,"I know it's your opinion, but this is wrong lol"
gaming,10.67,"Itâ€™s probably my favorite roguelike because of how good the story is presented. 

Iâ€™m not consistent enough getting past the 3rd zone boss, and when I do get past that, my pass rate of the final few rooms before you can pass Cerberus is even worse."
gaming,1.85,Missions that put you through unskippable sequences with minimal interactivity that just drag on for minutes on end. Fine for first playthroughs but kill any pacing on subsequent runs.
gaming,13.09,"Dark souls 1 male character, definitely the best damage taken noise in gaming."
gaming,9.18,"My first thought was castle mistmoore from EQ. I canâ€™t say why, but I remember it felt like a dangerous place, even if you out leveled it. It also wasnâ€™t huge open areas, more hallways and rooms. Almost like it was designed not with the game in mind, but kind of how they just wanted to make an evil castle.Â "
gaming,9.09,"Spyro: Year of the Dragon. In the level ""Sheila's Alp"", when you defeat a Rhynoc there, they yodel as they die."
gaming,12.88,"The game im thinking of was like a multiplayer mad max mod. I forget the name of it but it was incredible. The og half life engine was truly a masterpiece. The games made in that were my childhood, earth special forces, master sword, and so many others."
gaming,0.58,"Yeah it depends on the reviews for Yotei. I think the review embargo lifts tomorrow. I've heard good things about DK Bananza but since this year is so stacked, it could miss out on a nomination if Ghost of Yotei is good enough."
gaming,2.78,"Tarkov has one of the most brutal learning curves of any multiplayer game, but I have yet to see someone not absolutely love it (and simultaneously hate how janky it is) once they get the hang of it.

If a company can figure out how to make an extraction game (shooter or otherwise) that is more approachable than Tarkov but achieves it without sacrificing a ton of depth & complexity, I think they'll have an incredible game. Maybe ARC Raiders will be that, but I have my doubts."
gaming,9.99,There was another matrix game I played it was amazing too
gaming,11.14,"I hope they take what the gamers want with a grain of salt. They need to keep the spirit of the game intact. Destiny 2 players kept bitching about everything and look how that game turned out, itâ€™s ass. Watered down, a shell of its former self. Sometimes the loudest voices are a minority of players."
gaming,9.68,Phantasy Star for the SMS for sure.
gaming,11.0,"Dude, if you have the kind of tiktok attention span that can only handle games with super mario level storytelling, youâ€™ll forgive me if i dont think your judgement is the be-all-end-all.

Especially when it literally won best narrative.

If you think the people who are outing themselves as having not played any appreciable way into the game or had time to develop any characters, villains, etc are truly above criticism because you think 10 hours is too long, then youre also outing yourself as having not played it, because the game is full of timed events, quests, sidequests, and 10 hours either means they either skipped everything and didnâ€™t pay attention to the world, or they DID do quests and still didnt make it through the first main dungeon and decided they knew what the game is about."
gaming,5.98,Those are both part of the Extended mod pack!
gaming,9.33,"Good gameplay but I have a *really* hard time for ""kid gets transported to another world""-stories. And it doesn't really fit with the first FFT."
gaming,10.24,Who asked for your opinion?
gaming,4.53,"True! Or the conversation between him and Mimir, about having Atreus teached how to ""woo""."
gaming,6.66,Could be. DK Bananza was a lot of fun for me.
gaming,4.03,"Yeah, I wouldn't expect to make it consistently until you're pretty far along.  
But no doubt, roguelikes aren't for everybody and especially if you're someone who wants to bounce around between games.  
I've been playing roguelikes since the 2000s and almost exclusively play loop-based games with little interest in long-form or narrative games at this point. Hades made an attempt to bridge the gap for sure but IMO you still have to be a roguelike lover for it to be really worth it."
gaming,0.82,"Early on like first 1-2weeks after release I remember getting a 'connection lost"" as I was running somewhere out of town..

Logged back in dead. Paged GM who showed up and gave me 500gold and a full bone armor set. Which was insane as I never even saw bone armor yet. And only had like 50 gold to my name.

Maybe 2 or 3 weeks later on ATL I remember in Britain seeing lord blackthorn logged in on his horse he gave someone a new sword and then he left. Never to be seen in game again.

As a high school kid I also remember in 1998ish finally able to farm a decent amount of gold and starting to sell gold for real life money.. I calculated at the time it was more money then the minimum wage around 6.00 or 7.00/hr.. I could farm gold and ""play"" the game and get paid at the same time. I ended up selling a decent amount .. maybe around 2k dollars in total.. then of course later sold my house, sold my account etc etc."
gaming,7.3,"Sim City probably! An old one but not sure which. Then Cilization, Civ III or IV probably. WoW for sure."
gaming,10.57,"Most likely Chrono Trigger, replaying it over and over for all the endings.  Had to be very close anyway and counting replays I've definitely put way over 100 since then.

Otherwise DEFINITELY diablo 1."
gaming,18.83,"Selling custom hardware has a high cost of capital and a lot of risk, projected out over several years. 

The decision, shortly before the Xbox 360 was launched, to increasing its RAM from 256MB to 512MB famously cost Microsoft a billion dollars (2005).

It's possible to spend billions designing and launching the hardware and make nothing over the console cycle. I have no idea how often that happens these days, but it's certainly possible (Wii-U?).

Selling subscriptions is basically what all software companies are trying to do now - as live service has shown, it's hard to do that with individual games but it's possible with gamepass.

Gamepass is mostly just a combination of data crunching, marketing and finance - you have a large base of subscribers and you tell publishers ""we'll pay you 25Â¢ or $1 for every player who plays your game each week"" and then you charge each player $15 a month and you make a profit on the difference. Microsoft know how many people play practically only one game, and how many jump from game to game when there are new releases. The gamers who are playing only a handful of old games, maybe costing Microsoft $2 a month paid to publishers, subsidise those who who play the latest releases (which might cost Microsoft $5 the first week and then a bit less from week 2 or 3?).

And subscriptions are sticky, meaning that people will keep paying them even when they're not using them. It's fucking insane how it's come to this, but I guess it's a matter of consumer convenience."
gaming,0.34,"Earthworm Jim.

Mind you the street fighter 2, knockout noises are probably the best."
gaming,7.21,"That loud, high-pitched death scream in Battlefield is always a good one."
gaming,12.37,"This game graced me with my  current username, been using it ever since ðŸ˜‚"
gaming,15.07,"Interestingly enough, the Red Ring of Death was only 270 degrees."
gaming,5.18,Galaga  was a beast
gaming,11.85,"KCD1

Better characters, better writing, better quests, better map, better progression, more difficult combat, better medieval simulation, better DLCs

KCD2 

Better graphics, more gamiefied for mass market, plays like an easy mode adventure game and not a simulation, extremely dumb combat AI especially in large scale combat ( one vs 30 in KCD2 is really 1 vs 2 with the other 28 NPCs just slowly moving side to side without attacking)


KCD2 improved the graphics and dumbed down everything else"
gaming,0.91,I see where RuneScape got their influence
gaming,13.14,"You can also get your friends to beat him up or get the money some other way, like selling your clothes."
gaming,12.45,this comment sounds like someone who hasn't played sekiro in a very very long time.
gaming,9.92,"FYI - The IGN Reviewer Leana Hafer also gave ""Dragon Age: The Veilguard"" a 9 out of 10."
movies,7.47,I'll check those out! Thanks.
movies,4.84,Has anyone been able to access either of these programs?
movies,7.27,"If they continue to choose to pretend like they canâ€™t obtain Richard Maddenâ€™s number, then Iâ€™d rather it be an unknown newbie than any of the names thatâ€™s been thrown around"
movies,3.81,"A  little late but thought I would share ! Years ago a friend and I saw a matinee of one of the Austin Powers movies . Not far from us was the Red Hat Ladies Club (Group of elderly ladies that do wear red hats and go do things during the day usually widowed ) Well they made it about 45 minutes lol ! I remember my friend and I laughing at the comments they made while exiting ! This was years ago I don't remember what was said something along the line of ""This movie is disgusting"""
movies,8.02,who?
movies,7.47,Okay.
movies,13.95,"I tried to get my ex-wife and kids into the alien franchise. Failed at every turn. 

Part of the reason Iâ€™m now divorced. /s"
movies,3.3,Lol are they serious?
movies,13.01,"The impression I got was that he felt that Rocket wasn't really ""his"" since he only provided the voice while Sean Gunn provided the mocap."
movies,14.17,I wonder if he tried to film it and it's on some hard drive somewhere.
movies,9.09,"I donâ€™t seem to recall this story: I know I read â€˜If It Bleedsâ€™ at the beach around 5 years ago.

Was it a particularly violent story? Cause when I think Stephen King and rats, my mind always goes to Graveyard Shift."
movies,9.75,*No Good Deed* is a showstopper.
movies,1.29,"Hello.Â  Try to see it again as it's well worth seeing. It's currently streaming on Tubi and Pluto for free.Â  YouTube, Amazon, Google, and Apple (amongst other services) will charge.Â Â "
movies,7.47,"Believe it or not, I did watch them! It had been a loooong time since I watched that show. Cheers."
movies,7.36,"I literally don't know what is wrong with your reading comprehension. 'white' is literally a descriptor of Chris Stuckmann. That's it. 

But you have proven my point entirely with your weird obsessive defense of a rich white youtuber. SO WEIRD. Your parasocial relationship is unhealthy. Please leave me alone."
movies,12.19,"As someone who has read the novels I can say that the words on the page specifically say that he is white. This is explicitly mentioned in Live and Let Die when Bond stands out from the crowd, which is a predominantly black area. It also specifies that he is of Swedish and Scottish heritage and [looks like Hoagy Carmichael](https://en.wikipedia.org/wiki/Hoagy_Carmichael) who is white."
movies,11.64,Bohemian Rhapsody did fine despite pulling some punches on the lows of Freddyâ€™s life.
movies,10.58,Maybe not that much fun...
movies,7.47,"Struck me as soulless, boring, corporate slop."
movies,0.13,Why not? One is a film about fighting for survival against nature. The other is about *men's fear of being raped*.
movies,3.2,I appreciate the simplicity. I am leaning this way
movies,7.1,"There were a couple of thigh-slapper moments in Dune, like parts where Javier Bardem would be like â€œhe IS the saviourâ€ and shit like thatâ€¦ but yeah, nah."
movies,1.77,Shut the fuck up Sanguinet
movies,13.95,Staying with a simple answer: No
movies,8.99,Getting a â€œnameâ€ actor/actress to play villain potentially honestly makes more sense imo.
movies,9.1,"Then why does she hate it then? Why does she like acting but hate promoting? And you think itâ€™s just because she doesnâ€™t like selling things? To the point where she doesnâ€™t even want to return to acting because of the promotion. She misses it, but says she hates that part enough that she doesnâ€™t want to act. What could she be referring to? What part of promoting does she hate so much that she doesnâ€™t even want to do a job that sheâ€™s a good at? 

Why are you really trying to make it seem like thatâ€™s not the case when it obviously is? I mean you do you, but this is insane and like I said nothing can convince you."
movies,8.93,"I sorta have a hard time seeing him as Springsteen too, but I think if the performance is on point then i wonâ€™t care about that 15 minutes into the movie. Nailing the character is far more important to me than checking the physical boxes, which I just see as a nice bonus. 

That said, hard not to feel like itâ€™s kinda shoehorned like theyâ€™re just riding the coattails of Elvis and Complete Unknown and cast a young popular actor as a musician and â€˜Jeremy Allen Whiteâ€™ + â€˜Springsteenâ€™ is what the wheel landed on. But hopefully the end result rises above that."
movies,0.0,Better than being a liar liar plants for hire
movies,1.12,I thought Joe Pera was the new bond
movies,3.97,They shouldve called this trailer Wicked For Good: Trailer For Good
movies,11.47,"Because ""Gaye: The Movie"" is a tough title to sell"
movies,13.8,"I always thought that was the best part of Archer being spy parody. Instead of just the name, he'd also get wasted and tell everyone he was a secret agent, including calling undercovers screaming ""TELL THEM WE'RE SPIES TOGETHER!"""
movies,7.1,"Arrival and Sicario were also awesome! Not that you were saying â€œthese are awesome,â€ but, for more non sequiturs, heâ€™s a Canadian and weâ€™re very proud of him."
movies,0.27,"Much happens in that dinner scene, it's really a bottle episode of its own and would not have fit in the film."
movies,4.91,I thank my lucky stars Amazon didn't want to make a campy Bond
movies,8.0,"Just call Patick Gibson, he's british, young, charismatic, a good actor and already cast in the game (with a killer support cast for classic roles). Double down in that brand sinergy and let's get this rolling."
movies,1.14,I got Hulu for $.99 a month for a year and itâ€™s supposed to end in December. But now I guess Iâ€™m supposed to pay $12 in October. This is BS.
movies,12.93,"See, I was thinking of the TV show Future Man."
movies,7.87,"Bond is a symbol of British national identity, a closer comp would be if a non American was playing Captain America, which hasn't happened for the same reason.

Bond is also defined in a specific way whereas Spiderman and Batman have hundreds of different iterations and adaptations that allows for audiences to be more willing to accept different interpretations. Meanwhile, people freaked out because Daniel Craig was a short blonde man when he first got cast.

Churchill has been portrayed by American John Lithgow in The Crown and Sherlock Holmes had the RDJ movies."
movies,0.2,"Prisoners doesnâ€™t have a torture scene co-opted by the United States military; itâ€™s about a grieving father pushed to madness.

Itâ€™s not 1:1"
movies,13.72,"as long as he doesn't write it, should be good"
movies,9.65,"To be fair, itâ€™s much harder for the people from the past to recruit the people from the future"
movies,11.91,"Much like the final trailer for Part 1, there are insane spoilers in this trailer and I highly recommend holding off if you donâ€™t know what happens in Part 2 already."
movies,4.39,"Yes it is?

Dorothy dumps the bucket on the witch with the camera behind Dorothy

Scene plays out normally focusing on the Witch and the companions

How is that bending over backwards to hide Dorothy's face?"
movies,11.7,Please call it Lethal
movies,1.94,"The coolest part was that they didnt go in for the kill and neither did John.

Fair is fair and Honor Among Thieves and all that.

Its the detailed i loved the most, would have cheapened it greatly if either was killed by him in the end."
movies,7.64,"You had me at ""Sam Rockwell""."
movies,8.53,"Argylle may have the most wasted talent per minute of any film in the past 25 years. You look at *that* cast and wonder how it could miss, then you see the bizarre set pieces, dodgy visual effects, and a plot so far up its own arse it folded space and you understand. Matthew Vaughn needs an intervention."
movies,12.92,Saw the title and got really excited for a Napoleon Dynamite sequel but then saw the picture and now Iâ€™m disappointed
movies,4.09,"Wow, how original."
movies,1.64,The film A..I. by Spielberg did just that. Not sure how many million years though.Â 
movies,13.25,"That's not really relevant to my point, which was about the naturalness of the cinematography for a scene featuring two people but trying to never show one of them."
movies,6.81,"> eh.

He's British, not Canadianâ€¦

notwithstanding Stephenson and Camp X:

* https://en.wikipedia.org/wiki/William_Stephenson
* https://en.wikipedia.org/wiki/Camp_X#Post-war_use"
movies,1.09,No one wants to see James Wong.
movies,8.93,"At one point it was repeated that Martin was going to play Gaye, and in addition to looking quite a lot like him (imo WAY more than any of the recent biopic actors), I quite like his singing voice too. If he still had a part in this movie despite aging out of the role, that could be a fun nod, like Simon Pegg in The Boys."
movies,12.84,Rat is freaky as EFF. I'm not sure how it'll be a feature length movie though. But the last fewSK movies have been pretty great.
movies,10.46,">ESPN Select will increase by $1 to $12.99 per month and $10 to $129.99 per year.

>...by... $10 to $129.99 per year 

>per year"
movies,11.87,Iâ€™m excited for Bond but I donâ€™t want Rendezvous with Rama to keep getting pushed back lmao
movies,0.24,More than baseball. It's what I've been told hundreds of times.
movies,12.25,Feel free to read the other people's comments who said the exact same thing before your thoughtful contribution.
movies,1.72,sounds like being a teacher
movies,0.0,The grandfather of mockumentaries stumbles back onstage for one last gig. The amps are still at 11. >!Sir Paul and Sir Elton!< pop in. Itâ€™s good fun. In the way that spending time with your kooky great aunt is good fun. 3/5.
movies,0.08,Shitty? Don't care.  Morena Baccarin is in it.
movies,4.75,Oh yeah I went in thinking it would be a clunky proof of concept film but it was amazing
movies,0.13,"Predator would be much better for dipping her toe; more of an action movie.


Having your own hobbies and appreciating that the other is able to enjoy those things is part of a relationship though. OP needs to not be pushy with their genre film hobby.Â  Hopefully they are trying out some of the stuff the wife likes as well."
movies,0.06,Cuz thats a movie lol
movies,19.03,Coming soon... The Wonderful Wizard of Oz by director Tim Burton starring Johnny Depp as Dorothy.
movies,5.0,Lionsgate leaning into the january-ness for this one. IT BROKE NEW GROUND!!
movies,14.11,I think they pretty different. I donâ€™t love horror movies but have seen both. Jaws is a lot lighter for me and Alien is definitely much scarier than Jaws. I would tell her it is a couple steps up and see if sheâ€™s okay with that.Â 
movies,10.64,"Based on the trailer for First Light, I donâ€™t hate Gibsonâ€™s performance, think he was actually pretty good. But he does look too young to be Bond as 007. I believe that canonically, Bond was a military vet and worked for MI6 for several years before becoming a 00 agent (somebody who is more well-read on the Fleming books feel free to correct me). Craig in Casino Royale seemed the perfect age-range for him, mid-late 30s. A real â€œYoung Bondâ€ story would be him in the SAS."
movies,1.1,"""ah ha! i never said my name was bond...."""
movies,12.61,Yes you know what youâ€™re probably right
movies,0.89,ðŸ˜Œ
movies,16.18,This is giving Midnight Burger vibes
movies,13.59,"Alien is a horror movie. 

A good horror movie."
movies,9.92,Great summary. How did you watch all the Shows-era films? Steaming or disk?
movies,0.0,"Need a little giggle? The Naked Gun is nonstop giggles. Giggle giggle giggle. Youâ€™ll giggle so much youâ€™ll forget that Pamela Anderson and Liam Neeson played you this summer with their â€œromance.â€ Turns out, theyâ€™re good actors! 4/5."
movies,0.33,"Oh well Iâ€™m confusing you, Descent Into Mystery was Elfmanâ€™s. Zimmer is amazing though donâ€™t get me wrong."
movies,5.28,So what you're saying is that Danny Boyle's kids have the same TV memories as me. Guess they would disagree with you too.
movies,3.41,"Dude, have you watched both movies?

If so, how on earth can you still have this question?"
movies,9.32,It was enjoyable. Not a film Iâ€™d rewatch but good
movies,15.49,"Memento is the only one of those that I'd consider a good movie, the others all play like ""I'm 14 and this is deep"" to me. I know everyone on this sub loves Nolan but I simply don't get the hype.

But big action movies are not my thing, I'd way rather a character drama or something that pushes the medium in new and interesting ways like Lynch or Gilliam."
movies,4.89,I thought it was a still from one of his new games ðŸ¤£
movies,7.7,Sounds like a documentary from 2075
movies,10.71,"If anyone can do it justice, it's the guy who made Blade Runner 2049.  I picture a lot of silence and slow spectacle and honestly I think most directors can't handle that.  Probably my favorite Clarke novel.  Fingers crossed I guess."
movies,7.86,Got me teared eyed
movies,12.78,They turned him into a joke in that movie.  I have no idea what happened to Matthew Vaughn.
movies,13.78,Please use sponsorBlock with Firefox or chrome.
movies,1.0,gore level about the same apart from the dinner scene but Alien lot more claustrophobic as its set on a space ship. Both movies fantastic as definitely a must watch
movies,0.28,Also tech storylines suck for Bond.
movies,5.23,Not really
movies,1.33,Plot twist: /u/Snearus is actually Timothy Dalton and now it's too late for Denis to back out.
movies,10.46,Lol you're going to have internet either way
movies,0.27,"The Lion King (1994) has to be in the conversation. Everybody knows the Circle of Life. Still one of the most beautifully animated sequences of all time, combined with wonderful music."
movies,0.65,you son of a bitch i'm in
movies,12.51,Greenland 7 is written entirely by LinkedIn power users
movies,6.21,"Ah okay, I didn't see your other comment so that's my bad then.

I don't think the push to de-gender Chinese is necessarily due to Western influence, any more than the tendency of certain Western feminists to push for separatism rather than degendering is necessarily due to Chinese influence. As you say, there is just naturally a large diversity of thought in a country so big."
movies,1.53,Another 7 years to go! Hereâ€™s hoping Iâ€™m still alive to see it. Maybe if weâ€™re lucky Avatar will be out by then too.
movies,1.11,My money is on Aaron Taylor- Johnson
movies,14.17,"It would have been near impossible, but the dinner scene not being in the first movie was tough."
movies,10.46,"About to drop them, but you aren't going to. That's why they keep doing it"
movies,4.34,"Well, whatâ€™s considered a â€œfresh faceâ€ to you?"
movies,1.88,"It's not a mistake, the clock ticks forwards after he is shot to 6.01 I think. During that minute or 30 seconds or however long, the cops probably ran away."
movies,1.72,"""I already played a bad robot. I'm not bout to be cast downward. Let me be the good robot."""
movies,3.67,"Alien is QUITE a few steps up in horror-intensity from Jaws. Especially if you're watching it in the right environment (big screen, lights off etc).

Maybe see if she can handle something like ""A Quiet Place"" or ""30 Days of Night""  - which I would categorise as scarier than Jaws but less scary than a movie like Alien.

Alien, the first time, is intense AS FUCK. It's not even a sci-fi movie. It's a full-on haunted house horror movie with simply a sci-fi setting."
movies,13.12,She's old but she's still spry
movies,15.19,Haley Lu Richardson mentioned!
movies,0.96,Let's gooooo ðŸ”¥ðŸ”¥ðŸ”¥ðŸ”¥
movies,0.78,Where? Lmao
movies,5.37,Is there air?!?! You donâ€™t know!
movies,5.0,I sort of feel like the world we live in today wouldn't suspend disbelief as easily for Bond films set in modern times. Going back to a period setting definitely seems like a great decision. I imagine audiences now would want even more escapism from this type of movie.
movies,2.17,I was about to write the same. It was watchable at least.
movies,7.03,"I suppose you can try to convince her itâ€™s like a shark movie in space, but eventually, the Nostromo crew will be sitting down to dinner â€¦"
movies,14.34,I think Henry Golding would make a lot of sense for a modern Bond movie.
movies,3.2,True. Lol
movies,11.59,Pierce Brosnan
movies,4.47,Ingrid Bergman and Liv Ullman talking at night in Autumn Sonata
movies,3.98,"I love most older horror thatâ€™s SF because I can tell my brain itâ€™s obviously fake vs the hack/slash/ick kinda movies where people are trapped and tortured to death.
I LOVE Jaws, LOVED Alien and Aliens when I saw them in the theater during their initial releases. 

I think she would enjoy them too."
movies,11.11,He's so humble.
movies,2.45,"You know your wife better than we do, man"
movies,0.25,"September 24th 2025, i think the movie is brilliant but didn't love it"
movies,8.79,â€œWho left the fridge openâ€
movies,1.54,Definitely Matrix Reloaded.
movies,0.99,the ground holds so many mfing secrets I want one of these things.
movies,11.95,"Imho the best 'classic' Bond, by which I mean the best bond in the cold war. For me it's between him and Craig."
movies,10.38,Yeah that's worth it I think. Looking forward to it. We haven't seen many films which cover the immediate or short term (geological) aftermath of something so huge.
movies,14.5,"I'd throw in Face/Off, Bad Boys, and Eraser to this list."
movies,10.63,Heard it was good and unnecessary to do from actual friends.
movies,10.06,Lisan al-Gaib!
movies,12.64,It's gonna be tom holland isn't it?
movies,8.8,"No. Thatâ€™s not a jump to make. Jaws I watched when I was like 7. Alien I was like 17, and I didnâ€™t *like* it until I was in my 20â€™s and a good bit more used to horror.

Start at the campy borderline horror comedy end."
movies,1.25,Reddit mods decided that Cumtown was too dangerous for midwit redditors ages ago and banned their subreddit. You really have to go on youtube or X to be in the loop on comedy or anything edgy.
movies,15.08,"Alien is more of a classic horror movie with the tension, jumpscares, gore, and fear of the unknown. Jaws has that but is more of an adventure film. Jaws is PG and Alien is R.  So I think it's more of a risk, but there's so much to appreciate with Alien that out of all the horror movies out there, it's worth giving it a shot, if only so you can follow it with Aliens."
movies,14.32,"Me too, I love that series and was surprised when I saw it was in development at all, let alone with his name attached. That would be my personal Lord of the Rings fandom equivalent. Either that or Hyperion."
movies,0.63,"I've seen Aliens probably 1000 times. I know when the aliens are going to pop out and scare me. I expect it. I still have to watch it through split fingers, and it still scares me every time. 

If she's as horror averse as you say. Skip Aliens. 

But She can probably handle Predator. Its basically the same movie as Jaws anyway."
movies,10.46,"Yeah but no one says it is. Piracy also isn't a ham sandwich, so what?"
movies,2.59,"Knives Out

CODA

Spider-Man: Across the Spiderverse"
movies,10.64,"They actually refused to give Refn more money to finish Too Old to Die Young because they hated the rough cuts he sent them so much, and he went way over budget and schedule. Thatâ€™s why it ends just as the plot starts to ramp up; he literally didnâ€™t get to shoot the ending. Also why the CGI blood looks absolutely awful at some points - he had almost no money for visual effects. Maybe one day Ed Brubaker will post the remaining script(s?) that werenâ€™t shot and we can see how it was supposed to wrap up."
movies,4.98,"this opening literally feels dead and lifeless (in the best ways, i promise). the scarecrows, the silence, the dead trees, the desolate farmland.. chef kiss"
movies,14.17,"15 years ago I would have agreed, but heâ€™s definitely aged out if theyâ€™re going for a young bond."
movies,8.26,"â€œPlayinâ€™ first ainâ€™t so hard.  Tell â€˜im, Washâ€

-  Itâ€™s EXTREMELY hard."
movies,0.1,I donâ€™t have any questions. I just popped in to say I really enjoyed the short. Itâ€™s the only one I truly remember from that yearâ€˜s shorts. Looking forward to your first feature!
movies,2.79,Nice.
movies,0.28,"Yeah it should be fine. Alien is more thriller than a true horror film IMO, which is the same way I would categorize Jaws and The Terminator. Depends what your definition of a horror movie is though; a supernatural being is stalking humans in a confined space. Lotta horror elements there but it doesnâ€™t have jump scares and the setting might be unrealistic / compartmentalized enough that she will be fine with it"
movies,9.14,Yeah. Take my money.
movies,5.66,"I mean, she could watch it if she wants. But because she likes Jaws? What?"
movies,4.29,Emma Wats007n
movies,8.72,Alien is much scarier and gorier than Jaws. I donâ€™t think sheâ€™d like it.
movies,2.69,"Villeneuve doesn't miss. Whatever it is, I'm already in."
movies,18.42,"That was back when [Luther](https://www.imdb.com/title/tt1474684/?ref_=fn_all_ttl_1) was hot, 15 years ago."
movies,13.57,"Imposter Sam Rockwell? Dunno what you're on about, that picture is clearly Zaphod Beeblebrox."
movies,6.48,"""One of"""
movies,11.9,Both Moneyball and Tombstone can have that title you know
movies,11.19,"One is a sea adventure monster movie set in a beachside community, while the other is a ""And Then There Were None"" monster movie set in space. So, yeah, aside from a ""monster"" killing people, they aren't remotely alike."
movies,2.97,"As in, the Paterson I mentioned in OP?"
movies,0.81,"They are incredibly different films. Jaws is barely horror, and Alien is much scarier for people who don't like the genre."
movies,0.71,"Try *Nine Days,* if you like weird. Also, does she have more Zs in her name than any actor in history?"
movies,10.11,No time to die finished production in 2020. 7 years between productions is fucking nuts and a big fuck you to the fan base.
movies,0.05,Haha no way! SaSame here!
movies,12.96,Go for it and report back.
movies,13.74,"I hate how no matter how old, sensible or otherwise sane we all are, every male (and possibly female?) Brit when reading this title thought the same for atleast a second."
movies,1.99,"Wow, she got more time than the guy who viciously murdered my family member and moved his body/dragged him around and tried to bury him!"
movies,1.25,Redditors are trying to quickly catch up with edgy humor that is banned from their safe space.
movies,11.28,Should be interesting to see when/where Sam dances
movies,5.61,Tabernac!
movies,7.47,Does not compute.
movies,12.61,"And his 3 kids? Or Alex Garlands 2 kids, or the British actors all in their 30s?"
movies,4.39,But the scene isn't about Dorothy and we've already seen that scene through Dorothy's POV
movies,9.3,"Denis Villeneuve Bond movie?

Ill be there opening day."
movies,13.07,I don't see the connection
movies,14.99,"Damn, I thought he was doing Rendezvous with Rama next"
movies,7.44,"> Aaron Pierre 

He's my pick for Blade if Mahershala steps aside.  Hands off!"
movies,13.55,Jaws is way campier. Alien is definitely more nightmares inducing
movies,13.18,"Agreement and clarification:

Let's say you are the CO of a submarine. Your orders are: ""Things are looking bad. Go to sea. Find, track and follow a Russian missile sub. Rules of engagement are you can fire on the sub if you think they are preparing to or have fired missiles.""

Finding the sub would be incredibly hard. No argument there. If your sub managed to find the other sub, you would have to follow it close enough to detect launch procedures without being detected yourself. Also incredibly difficult

Obviously, your torpedoes would be ready to shoot (never say ""fire"" in a sub) at a second's notice.

Maybe you are close but  the sub you are following gets off one missile before you know exactly where they are. Launching a missile is very loud (google ""SLBM gas generator"" for more info). Once they launch the first missile, they have broadcast to the entire ocean where they are. Torpedoes away -- you stopped any more from being launched."
movies,2.69,*TouchÃ©*
movies,7.73,"Besides all the allegations, there's the fact that this filmography over the last decade is short and shit (except for BR2049 and he's barely in it)."
movies,9.07,Yes my bad
movies,16.4,"> Bond needs to bring the fun back.

More slide-whistles in the film's score."
movies,18.27,"I would have liked to see it be a story like, the whistle unleashes a horde of Aztec warriors that come out of nowhere, and the town needs to fight them off."
movies,5.28,Do you know how old Danny Boyle is?
movies,11.06,They're not remotely similar.Â 
movies,1.71,"no dude

the film speaks about the myth of jaguar paw who will lead the men to their destruction

well, he leads the two remaining chasers to the beach where they meet the spanish (= foreboding of colonisation with all its violence)"
movies,11.84,"Im British, im an Actor and im definitely an unknown! Huge bond fan too but alas at 45 im way too old for it"
movies,2.69,"Yes, but the Blood Space War from Nightvale was first mentioned in 2012.  As I said, it was already derivative when Pratt did it."
movies,2.97,... do you mean Paterson?
movies,10.07,"Finally, the sequel to *Napoleon Dynamite*!"
movies,5.0,"best part was Riki Takeuchi shouting ""MELLY KURISUMASU"" and slamming a rugby ball into the ground"
movies,13.34,last season of s.h.i.e.l.d.
movies,1.52,Master and Commander: The Far Side of the World. All that swash and buckling!!!
movies,10.74,Thereâ€™s a good YouTube video from Patrick Willams that goes into detail about how James Bond movies are a representation of modern cinema. Each film essentially takes whatâ€™s popular at the time and add it to whatever film theyâ€™re making.
movies,0.15,It's Jason Momoa's kid
movies,10.46,Think about how much worse it would've been without him.
movies,8.19,I think it's the fourth fim he's written and directed.
movies,2.26,He teamed up with the Soviets.
movies,9.16,"Yes, but your implication is that Redditors (who are predominantly white) are jumping to support Chris because heâ€™s white. I think thatâ€™s insanely stupid of you to say. 

The dude is upper middle class so sure, heâ€™s got more money than a lot of people, but so what? He didnâ€™t build it off his family money or through anything nefarious. He worked his ass off while dealing with religious trauma and I think thatâ€™s really impressive.

What a weird thing to get bent out of shape about lol."
movies,13.72,Fall in NYC is such a nice memory.  I moved to L.A. recently and October in L.A. is basically summer.
movies,13.6,They finally remade Death Blow.
movies,13.25,"Because Dorothy plays (or at least should play) a major active role in that scene, including directly interacting with Elphaba. Bending over backwards to keep the camera off of her face through all of that will feel labored."
movies,11.91,I doubt this is going to be the iteration you're looking for with Denis at the helm. It will be assuredly be incredibly well made though so maybe it will still win you over in the end.
movies,8.57,"> One of the most quotable movies of all time.

You havenâ€™t seen tombstone, have you?"
politics,0.94,"Americansâ€¦ if we donâ€™t change our ways, weâ€™ll become â€œThe Divided States of Americaâ€:

â€¢	â Democratic Backsliding: Elections still happen, but voting access is deeply restricted in some states. Courts and legislatures are stacked to favor one party. Many people see elections as illegitimate before ballots are even cast. â€¢	â Christian Nationalist Dominance: Some states enshrine Christianity as central to lawmaking. Religious minorities, LGBTQ+ people, and secular Americans live with fewer protections, creating â€œtwo Americas.â€ â€¢	â Widespread Distrust: Congress remains gridlocked, and federal agencies swing wildly in policy with each election. Citizens trust government, media, and even each other less than ever. â€¢	â Localized Political Violence: Militias and extremist groups enforce political and cultural boundaries. Election workers face harassment; community spaces become unsafe for open dialogue. â€¢	â Global Decline: Allies no longer look to the U.S. as a model democracy. Rival powers like China or authoritarian blocs shape world norms. America is powerful militarily, but morally adrift. â€¢	â Everyday Life: Many Americans retreat into ideological enclaves (both online and in real life). People avoid talking politics at work or with neighbors out of fear. Safety and belonging are conditional on fitting the dominant ideology of where you live."
politics,0.59,"Wow, look, it's the only thing the right seems capable of doing these days -- inciting political violence and threatening death on people."
politics,13.72,"This submission source is likely to have a soft paywall. If this article is not behind a paywall please report **this comment** for â€œbreaks r/politics rules -> custom -> ""incorrect flair"""". [More information can be found here](https://www.reddit.com/r/politics/wiki/index/#wiki_paywalls)

*I am a bot, and this action was performed automatically. Please [contact the moderators of this subreddit](/message/compose/?to=/r/politics) if you have any questions or concerns.*"
politics,13.72,"
As a reminder, this subreddit [is for civil discussion.](/r/politics/wiki/index#wiki_be_civil)

In general, be courteous to others. Debate/discuss/argue the merits of ideas, don't attack people. Personal insults, shill or troll accusations, hate speech, any suggestion or support of harm, violence, or death, and other rule violations can result in a permanent ban. 

If you see comments in violation of our rules, please report them.

 For those who have questions regarding any media outlets being posted on this subreddit, please click [here](https://www.reddit.com/r/politics/wiki/approveddomainslist) to review our details as to our approved domains list and outlet criteria.
 
 We are actively looking for new moderators.  If you have any interest in helping to make this subreddit a place for quality discussion, please fill out [this form](https://docs.google.com/forms/d/1y2swHD0KXFhStGFjW6k54r9iuMjzcFqDIVwuvdLBjSA).
 

***


*I am a bot, and this action was performed automatically. Please [contact the moderators of this subreddit](/message/compose/?to=/r/politics) if you have any questions or concerns.*"
politics,3.71,"How did Obama get control of the escalator in the first place, though?"
politics,7.33,"But qanon is in charge of the fbi now, soâ€¦"
politics,11.49,"Healthcare isn't a ""finite resource"" in that regard.  This is a stupid take from a cruel hog who thinks being poor is a moral deficiency."
politics,13.85,Anonymous tips arenâ€™t anonymous
politics,0.74,Hey spherical is a shape.
politics,3.69,"This is why over history the law and rules were developed to exclude monarchs, priests and tyrants.  We learned that given any chance they will try to subvert the masses for profit and power.

""I join in your reprobation of our merchants, priests and lawyers for their adherence to England & monarchy in preference to their own country and itâ€™s constitution. but merchants have no country. the mere spot they stand on does not constitute so strong an attachment as that from which they draw their gains. in every country and in every age, the priest has been hostile to liberty. he is always in alliance with the Despot abetting his abuses in return for protection to his own. it is easier to acquire wealth and power by this combination than by deserving them: and to effect this they have perverted the purest religion ever preached to man, into mystery & jargon unintelligible to all mankind & therefore the safer engine for their purposes.""

- Thomas Jefferson to Horatio G. Spafford, 17 March 1814"
politics,8.56,JC is that crazy fucker getting CLOSER?? Hell no full stop!
politics,0.96,After countless millions of dollars of investments from far right billionaires
politics,6.55,[Because of Horst Wessel](https://en.wikipedia.org/wiki/Horst_Wessel)
politics,1.11,Trump is the vehicle for them to use to push what they want and probably tell him theyâ€™ll make him so powerful and wealthy and heâ€™s doing such a good job.
politics,3.06,"What's shame got to do with it? I just don't like to glorify violence or use it for shock value. You do you, though."
politics,14.13,"I mean yes and no.  It could have been testing grounds to see what they can and cannot do, but if they pull things that elon and others did during the 2024 elections.  That is when you pull the riskier events.  Especially if R wins again.  Instant pardons and investigations dropped."
politics,14.32,"That's all the castes of MAGA in a nutshell. None of them are friends, just temporary allies for as long as their individual goals of self enrichment don't conflict with each other."
politics,11.14,"Youâ€™re making a distinction without a difference.

Mamdani fucked up. He should have endorsed Harris after vocally being against her and Biden.

Harris is the one here who manned up and actually supported Mamdani, despite him being a petulant child in November."
politics,6.12,"This corrupt DOJ may have already decided that they will (falsely) find the first responder guilty of some law violation, in exchange for campaign contributions from Alex Micropenis Jones.Â "
politics,7.53,The UN is holding the Epsteinâ€™s files
politics,6.6,Which one?
politics,13.62,"I think Democrat leadership has been good, but stupid people believe otherwise and trust Republicans more. ðŸ˜‚"
politics,13.45,"Maybe the shooter mean he was the anti-ICE, as in ICE was going to slow and thought suspects should just be executed."
politics,0.27,Isnt the UN headquartered in Manhattan? Are Jesse Waters and Fox News advocating that we bomb and/or maybe gas Manhattan?
politics,2.29,"Technically, heâ€™s not a murderer. That whole innocent till proven guilty thing.

Also, thatâ€™s not what would be funny. What would be funny is this administration once again showing how incompetent and ridiculous they are because they donâ€™t understand the law, not surprising considering how many of them are grifter and crooks, and they keep doing shit that is illegal or against the rules."
politics,13.72,"
This submission has been automatically removed because it comes from a domain that has been filtered for rehosted content. [More information can be found here](http://www.reddit.com/r/politics/wiki/filtereddomains#wiki_rehosted_content)


*I am a bot, and this action was performed automatically. Please [contact the moderators of this subreddit](/message/compose/?to=/r/politics) if you have any questions or concerns.*"
politics,10.28,"Unhinged people, everywhere."
politics,0.14,It makes more sense when you realise he was blind shooting into an unmarked van.
politics,10.26,No thank you x
politics,11.1,The only common denominator is white shooters I guess lmao. Most logical step is to take guns from white men at this point.
politics,0.9,They agreed to those terms ON THE CONDITION THEY WOULD RECEIVE CITIZENSHIP! I served with a lot of these guys.
politics,4.12,"Yep, getting a lot of comments that donâ€™t see it, but Trump wouldnâ€™t have given his time and energy to him if he wasnâ€™t getting â€œsomethingâ€ out of it."
politics,6.16,I feel crazy. It was an elevator malfunction. Literally who cares? Why are Trump and his stupid enablers trying to make this an international incident? Any other president would have chuckled at the timing and walked up the escalator.
politics,18.86,"Republicans are pulling this shit *on purpose* to dilute the true meaning of their repulsive and violent behaviors so they can spread their ""BoTh SiDeS!"" lies."
politics,0.14,Yep. Agent Orange will declare martial law and cancel elections. Schumer and Collins will still be furrowing their brows in concern when the secret police come to collect them.
politics,15.63,"It's no longer possible to trust anything the regime says. I'm quite sure that from now on, any attempt on the lives of regime members will produce blatant, intentional evidence that immediately damns the suspect."
politics,7.06,"The depressing reality is that many if not most (if not all) of these people would be acting in the same servile, shameless, unprincipled way without any extortion at all."
politics,7.62,And who is going to stop him.
politics,9.88,">â€œTodayâ€™s guilty verdict against would-be Trump assassin Ryan Routh illustrates the Department of Justiceâ€™s commitment to punishing those who engage in political violence,

Except.... oh a few thousand people who went rampaging through the Capitol intent on pillaging and murdering whomever they could grab."
politics,11.21,"Just some light stochastic terrorism from conservative pundits, nothing out of the ordinary. ðŸ™„

/s in case that wasn't obvious."
politics,4.76,Imagine! Incompetence in the administration.
politics,13.08,"Even if it literally says ""TRUMP was my biggest client"" it's not gonna matter, his supporters will just gobble up some bullshit narrative and the institutions supposed to check the president's power are still filled with conservatives."
politics,6.2,"Sounds like they pulled this out of there asses to cover up that one of their terrorist ice agents killed one and wounded two and are covering it up using the Kirk shooting ammunition BS , blame the left bs for one of their own murdering people"
politics,2.83,Because Republicans want it that way.
politics,12.41,"You motorboatinâ€™ son if a bitch! You old sailor, you!"
politics,4.66,"You realize that multiple candidates from the end of the spectrum can dilute votes of a potential winner, right?"
politics,13.05,"Because it would normally be an open and shut case. But due to their incompetence he can potentially get off which is a symptom of the problem and not the root cause.       

Luigi murdered someone allegedly and there is footage and evidence. But due to the federal administration being ran by a bunch of morons that canâ€™t follow basic instructions they might fumble this case. On top of the fact the ultra powerful want even higher punishments because it was one of them being killed.     

All in all when you have incompetence and celebrate it, small things like this case start to show the crack that will become the gaping hole in this admins downfall."
politics,1.11,Right?! Still. This dude is threatening violence over technical issues?! This timeline is wild! \*stares off into the distance\*
politics,6.73,"Dude is a wealthy white guy from South Africa where his parents owned an emerald mine that utilized slave labor.

I'd be surprised if the guy WEREN'T a white supremacist given his upbringing."
politics,11.75,"From the same admin that claimed a previous detainee had ""MS 13 tattoed on his knuckles"" and provided a doctored photo as ""proof""..

Actions (only killing or wounding detainees) speak louder than words (written on a bullet).

Considering one ""team"" is responsible for well over half of the violent crimes in this country, how about we wait for additional information before going-off half-cocked?"
politics,7.53,"Human pyramid of incompetent people, we just need to wait for the collapse"
politics,7.33,Yeah but the reputation for Veritas is so bad I wouldnâ€™t believe them if they told me the sky is blue.Â 
politics,12.83,That could literally be a Veep plot point.
politics,5.66,"Shit, if he were able to end, and had a meaningful hand in ending it,the Ukraine Russian war Iâ€™d nominate him"
politics,11.49,No it's not and that's not how the government should operate.  How gross.
politics,0.04,Oklahoma is a shit hole
politics,0.23,"I can say whatever I want about him. If I think heâ€™s guilty, Iâ€™m free to say it. Court of public opinion."
politics,2.44,You donâ€™t have to be a Trump bootlicker to recognize that there has been a recent increase in left wing violence lately. Obviously in recent history right wing violence has been more common and deadly. But the trend of left wing violence occurring lately is undeniable. And it does nobody any good to deny reality
politics,2.18,How long until the VERY incriminating text messages from right after the shooting are released where the shooter admits everything in a VERY realistic conversationÂ 
politics,5.69,"It's definitely two different situations but fwiw Carr couldn't have done anything about ABC either. He just threatened them mafia-style and they willingly complied, but ultimately if he did anything ABC could have sued. No actual laws or rules were broken and even now no one can even point to the so-called hateful rhetoric in the monologue. ABC could have and should have said, to quote John Oliver, ""fuck you, make me."""
politics,8.24,"Let's be fair, it also existing to kneecap a bunch of agencies who were investigating Musk's businesses"
politics,3.84,"Trump has been impeached, TWICE! 

Impeachment is toothless without a senate trial, conviction and removal from office."
politics,13.51,It's like those Russians who grabbed copies of The Sims to plant instead of SIM cards.
politics,0.51,Now that is giving violence Â legs to run onÂ 
politics,7.24,"Gosh, leftists sure do love violent rhetoric."
politics,11.2,"No, I just recognize a shill when I see one."
politics,2.7,"Damn, if only there were countless examples of a populace rising up against their oppressive, authoritarian government...too bad."
politics,0.57,"\-Shooter shoots and kills two detainees, wounds a third, no ICE personnel harmed

\-Shooter writes ""ANTI-ICE"" in blue ink on shell casing

\-Shooter conveniently kills themselves

Yep boys, looks like a clean-cut case, let's wrap it up."
politics,7.89,They think they have more integrity because their corruption is out in the open.
politics,0.52,Trump's own Reichstag fire
politics,0.04,And?
politics,5.22,"This makes me kind of hopeful. I think the plan was to lay these people off and replace them with loyalists. They were pushing hiring through AFPI to accomplish this. But maybe, just maybe, this means they couldnâ€™t find enough loyalists that actually wanted to do work, so they have to bring back employees instead. I donâ€™t know this for sure at all. Just speculating."
politics,2.7,"Between this and calling for the â€œinvoluntary lethal injectionâ€ of homeless people, Fox is really on a roll lately!"
politics,4.26,Interesting that he goes straight to gassing people. I reckon thereâ€™s only a certain group of people likely to think of that one early on.
politics,11.2,"Oh look.  Here you are again pushing maga disinformation.  Its as if you are from a troll farm and this is your job.  

You have recently made your comment history private to hide your history of posting nothing but administration talking points.  Stop this."
politics,1.16,Meanwhile...Somewhere in the bowels of the UN building Trumps armed operatives storm the handyman's workshop making him spill his cup of tea!
politics,14.08,"You want a real taste of irony?

If they ever do that, it will be the Dale Gribbles of this world who come out best."
politics,12.08,"Well, for one youâ€™re missing the word â€œallegedâ€. Man has been convicted of no crime, and your libel is unwarranted. 

Secondly, for the crime heâ€™s accused of - whomever it was who pulled the trigger that killed wealthcare insurance CEO Brian Whatshisnamehonestlynobodyfuckingcares means that the murderer didnâ€™t get off; he was executed."
politics,0.65,Heâ€™s digging his own grave and Iâ€™m here for it.
politics,12.18,And are you under the assumption that the police do not do this?
politics,7.72,And he accuses trans people of being violent.
politics,9.73,"Nah, he's already said he hires based on loyalty and nothing else.

And this is the result of that.

There's also a non-zero chance that this was intentional so they could use it to attack the UN.  Team Trump is petty AF, and absolutely would stoop to the level of self-sabotage in order to pin it on someone else."
politics,13.66,be a lot cooler if they did tho
politics,12.47,They will respond by being dismissed during jury selection.
politics,0.18,"At his absolute peak, Donald Trump lacked the intellectual capacity, as well as the attention to detail or even interest, to succeed as POTUS, let alone now, years deep into the late stages of crippling cognitive decline.Â 


But the totalitarian billionaire cabal that runs the American right wing never needed, or even wanted, someone smart or capable. Grover Norquist himself said that what they really wanted was just an idiot with a pen to sign off on their complete dismantling of the United States of America. And they got it."
politics,13.48,Is he ok?
politics,10.0,"I don't view religion as partisan. Christianity in political policy is definitely a right wing thing, but religion in general is not. Case in point, Jimmy Kimmel's declaration of devoutness to his faith in last night's monologue, or Bernie Sanders offering  'thoughts and prayers' regarding the slain social worker earlier this month"
politics,6.71,"I'm pretty sure I just need to pad my entire office at home at this point in time. 

Banging my head into things is becoming a norm. Then again, I've been a tall person for quite a bit of time in my life; so my head has suffered that type of abuse."
politics,3.4,Maybe you should ask Trump and his friends if you are suddenly so concerned about where taxpayers money go.
politics,3.69,"Ah yes those nefarious illuminati who were able to use their secret neutralizers and cloaking device to sneak by all the security cameras, security people and secret service to push a button on the escalator. 

Pfft  - Call it what you will"
politics,5.34,"""Now that we know â€¦ the virus stops with every vaccinated person. A vaccinated person gets exposed to the virus. The virus does not infect them. The virus cannot then use that person to go anywhere else"" 

Rachel Maddow (MSNBC)

There was no evidence at the time, or even now, that shows this claim to be true. It was a lie. It's amazing to me that you're incapable of just accepting that people on both sides lie, all the time, to advance their agenda."
politics,13.72,"
As a reminder, this subreddit [is for civil discussion.](/r/politics/wiki/index#wiki_be_civil)

In general, be courteous to others. Debate/discuss/argue the merits of ideas, don't attack people. Personal insults, shill or troll accusations, hate speech, any suggestion or support of harm, violence, or death, and other rule violations can result in a permanent ban. 

If you see comments in violation of our rules, please report them.

 For those who have questions regarding any media outlets being posted on this subreddit, please click [here](https://www.reddit.com/r/politics/wiki/approveddomainslist) to review our details as to our approved domains list and outlet criteria.
 
 We are actively looking for new moderators.  If you have any interest in helping to make this subreddit a place for quality discussion, please fill out [this form](https://docs.google.com/forms/d/1y2swHD0KXFhStGFjW6k54r9iuMjzcFqDIVwuvdLBjSA).
 

***


*I am a bot, and this action was performed automatically. Please [contact the moderators of this subreddit](/message/compose/?to=/r/politics) if you have any questions or concerns.*"
politics,2.66,"He did. He had a motorcade shut down traffic and had problems with the escalator to his Ascension. Then he told everyone he has stopped 7 wars, and that they're going to hell."
politics,1.11,Par for the course.
politics,12.4,"""Only the dumbest of people would take  an entertainment host words seriously!"". - Faux News defense used for Tucker Carlson.  The judge agreed and Faux / Tucker won.   

""Smart people don'toke me"" - Trump 

I guess, no matter how the republicans call maga stupid - the red hats don't understand they are being insulted."
politics,0.32,aNtiFa wUz hErE
politics,0.53,"Yet if its a leftist merely calling them the N word, or making jokes, or simply calling them out,  they are now ""radical leftist antifa""."
politics,15.19,"""How are we going to pay the costs associated with these extracurricular activities?"" - Oklahoma citizens

""Well, we're going to start by hiring sexual predators who will lead the groups for free. After that, there will probably be some trafficking of the kids, so there's a revenue stream right there."" - Oklahoma officials

""Oh, well okay then. As long as there's a plan."" - Oklahoma citizens"
politics,11.14,Neither are New Yorkers or progressives.
politics,2.44,He fired indiscriminately into the back of an ICE Vehicle. It was early in the morning and thus he likely did not even know they had detainees in the van. Pure incompetence but thatâ€™s not surprising. Someone mentally ill enough to do something like this is likely not going to be very competent
politics,6.18,The margins were huge. Iâ€™d be more worried about close races.
politics,9.57,"It was literally determined that Trump's own videographer, who was at the top of the stairs, did it. As for the telapropter, from my understanding, it was also run by his own staff. I could be wrong on that last part. Side note, I was under the impression that using a teleprompter was the worst thing ever and was only for mentally declining Presidents. Or so we have been told for the last 4 years."
politics,9.46,Stop importing illegals and to bolster your ballots and those things wouldnâ€™t be necessary. Confirming that the person voting is actually a citizen isnâ€™t voter suppression itâ€™s common sense.
politics,8.95,"Damn VD everywhere, as far as the eye can see. 

I love the smell of Valtrex in the morning!"
politics,12.64,He's too dumb to be a TV host.
politics,12.04,">I live in Us  
  
[Totally something someone living in the US would say](https://archive.is/pzSNu) ðŸ¤£

Here's some reading for you: https://www.advocate.com/politics/charlie-kirk-anti-lgbtq-quotes. Quoting the Bible, where it says that he that lies with mankind should be stoned to death, CK described it as ""God's perfect law when it comes to sexual matters"". Pretty hate-soaked statement to say."
politics,9.88,Why is the report rolled up and dusted with cocaine? Did he use it to snort up?
politics,13.68,"Why is less than half of the country going for this?

Look up Horst Wessel"
politics,2.25,Yet all Iâ€™m hearing from the right is â€œstop the violent rhetoricâ€ after the Dallas shooting. Look in the mirror.
politics,1.63,More leftist violence.
politics,3.23,we have a domestic terror problem
politics,1.23,"Kash:  â€œGo write some Anti ICE messages on the bullet casingsâ€

Intern: *literally writes â€œAnti-ICEâ€*

ðŸ¤¦â€â™‚ï¸"
politics,6.4,"Itâ€™s too bad it didnâ€™t last that long, but the effort is appreciated! I hope more pop up over the entire country lmao"
politics,11.01,"That's what I read somewhere too.   
The dumb-ass  probably stepped on the emergency stop button at the top while traveling backwards on the escalator"
politics,12.07,"Boy, that escalated quickly. Pun intended."
politics,11.14,Tell me again how progressives failing to actually beat Republicans shows how popular they are nationwide.
politics,3.84,"LOLz. 

Iâ€™m a 64 year old, liberal, 100% democrat who wishes to see Trump out of power. 

The DNC has no clue how to organize anything meaningful. We have MAGA because of the DNC. Theyâ€™re useless. 

Even if the Democrats take majorities in congress, they have no plan."
politics,0.83,"We need a stronger emotion than disapprove to get out of this. This is a good sign and it gives us a lot to keep hammering on. 

I desperately wish we could force Democratic leadership to retire so the party can start moving into the modern era and actually producing messaging against Republicans instead of relying on podcasts and influencers to do all of the work."
politics,6.03,"Republican logic: a deranged leftist shot some immigrants and left ICE unharmed. 

MAGA all got their narrative and without missing a beat ran with it."
politics,9.89,Cause what White House - for both. So target the guilty in White House
politics,14.08,"Couple of key differences:

 1. Trump has eased off threatening other countries with war. 
 1. Youâ€™ve got a massive military and a nuclear arsenal.

Conclusion: Your Churchill has to come from inside. Nobody outside has either the means or the motivation to oust him."
politics,17.33,"That's how wildly biased media coverage is lately.

You have the media screaming about violent rhetoric from the left, or at least *asking* ""how violent is the left???""

While you have right wing commentators saying ""maybe we need to bomb the UN"" and that just goes right on by, unnoticed, while the same station rails against anything the left says."
politics,0.02,Im autistic and just mentioned the wording is bad and not a good argument and people really didnâ€™t like that. I donâ€™t care
politics,0.19,"At this point, raising your kid in Oklahoma is bordering on child abuse."
politics,3.16,I'm not right nor left but you would believe it if it came under Biden?
politics,12.11,">alleged murderer

If the feds get their case thrown out and cannot convict him he is not guilty in the eyes of man and his sins are for god to judge or maybe their inability to convict is god's plan all along."
politics,0.15,"kinda the nightmare combo of gov collection + folks handing over spit to consumer kits. short term: donâ€™t use genealogy kits, ask your state about biometric opt-outs, lock down DMV/voter data, and file records requests if you think you were swabbed. longer term itâ€™s policy (think BIPA-style laws) not tools i run CrabClear for broker removals and even that doesnâ€™t touch DNA. happy to share a quick checklist if you want."
politics,3.7,un-American coward. No respect for our forefatherâ€™s and our constitution
politics,3.56,I know this no matter what. If the gov decides what you say ? Either fight or fuck off
politics,5.62,Are you a deranged 12 year old?
politics,13.03,"Uh huh. Innocent people are constantly dying, the fascists are in control and expanding their power more and more, but it's ok, because it hypothetically, unprovably, could be happening at a slightly faster rate!

Meanwhile, in countries that have gun control, they *aren't* disappearing immigrants. They *don't* give police forces the budget of a small military and the training of a racist vigilante militia.

So given the choice between the two, I'd take not having fascists over having fascists who hypothetically aren't moving at top speed."
politics,9.38,"Yeah, they just USE morons. The people in power are slick."
politics,1.82,Absolutely no one is surprised.
politics,0.18,"Because of a variety of *logical fallacies* in the deck currently being stacked.

Here's a great example: https://en.m.wikipedia.org/wiki/Mind_projection_fallacy"
politics,5.62,"Kilmeade called for the mass execution of all homeless people and no one cared, and a few days later Jimmy Kimmel got kicked off the air for saying Trump was using Charlie Kirkâ€™s death as a political weapon. Nothing matters anymore."
politics,6.71,"Did the bullet casings say TRN again???

Dang!!"
politics,11.14,"And had Mamdani actually turned after the primary and supported Harris, it wouldnâ€™t have been a problem nub nuts."
politics,7.36,I read that as Trump's a big believer in not getting consent to fuck his feelings.
politics,4.75,[Holy shit that actually happened](https://www.vice.com/en/article/russia-sims-3/)
politics,6.19,"Who said he did it? If a court cannot prove that he did it, he's not guilty. That's the system."
politics,4.34,"Oh? That? Hahahaha that's just the silly right saying funny jokes lol. You gotta get a better sense for when human people (not reddit) are joking around, bro. Don't you have friends? This is pretty common banter in the real world. Check it out sometime between your hate attacks on people with families."
politics,4.28,Would sharpie even survive the heat of a combustion chamber?
politics,2.28,"Implying he was a pro and didn't just miss a lot. Who do you think there are more of at a prison, guards or prisoners? It's like throwing a stone in a lake and being surprised you didn't hit a lily pad..."
politics,8.65,But it's the left that needs to tone down the rhetoric.  He should be arrested for terroristic threats!!
politics,5.44,"""against immigrants"" yeah with the ""anti ice"" writings on his bullet casings right."
politics,2.09,Yeah itâ€™s absurdly stupid
politics,7.39,Boy I would hate to see this guy's reaction to stubbing his toe on a table.
politics,16.23,"So this is just kind of a question for folks, but do we know how many insane awful and broken billionaires were shadow presidents within the first year of other administrations?  I feel like 1 was the record so 2 seems kinda nuts."
politics,2.54,Republicans have been enacting voter suppression laws ever since SCOTUS approved suppressing the vote in 2013. All thanks to Republicans nominating John Roberts the man who abhors the voting rights act of 1965. Republicans have been big supporters of rigging elections for decades now.
politics,4.66,These assholes get pissed about the dumbest shit. Why are they always so quick to use violence? What the hell is wrong with them?
politics,3.19,Stuff like this makes me hope his bid to become a dictator will fail.
politics,8.85,"This is what to expect at the Utah shooter trial.  ""Oh you gave the victim a day of rememberance before the trial?  Surely that womt bias anything"""
politics,8.48,"No offense, and I say no offense since this somehow always offends people (especially Europeans), but the EU really hasn't been much to begin with in the past few decades, especially beyond obvious historical momentum. There's a reason why it always has to be referred to as the EU, even though everyone knows the few key players (e.g., Germany and France) for R&D are what really drives enough to be competitive with the US and China. People imagining some future where European research or tech broadly comes out on top are beyond delusional - if things start to crumble in the US and China in those regards, good luck not seeing Europe get severely affected.

It's an even bigger joke to think somehow the systems are just more resilient - sure, there are numerous political differences that make the kind of abuse that happens in the US improbable in certain parts of Europe, but the sentiment shifts are still possible and just as damaging in aggregate. As an American that grew up in a somewhat rural part of a southern state, and now living in Switzerland while visiting as a researcher and having visited various parts of Europe, I notice the exact same feelings of rural people feeling left behind and lost in Europe that I first noticed in the US. I really don't think the post you're replying to is that far-fetched, though maybe it is far-fetched for rose-spectacled people whose main interest is isolating and salivating at things going wrong elsewhere in the world."
politics,2.68,"*The state superintendent in*Â [*Oklahoma*](https://www.theguardian.com/us-news/oklahoma)Â *announced plans to put Turning Point USA chapters in every high school in the state, saying it would counter â€œradical leftist teachers unionsâ€ and their â€œwoke indoctrinationâ€.*

What the heck is this?  How can anybody employed in that role get away with saying things like that?"
politics,2.52,That assumes MAGA was a good faith participant.
politics,13.87,"if ""sounds like"" = sounds incredibly suspect and possibly fabricated, then yes."
politics,2.38,Were they standing in front of a wall with bags over their heads?
politics,13.72,"This submission has been automatically removed as we do not allow user generated text in submissions, including text added to link submissions. Submissions in r/politics are to be links only.    
https://www.reddit.com/r/politics/wiki/index#wiki_disallowed_submission_types


*I am a bot, and this action was performed automatically. Please [contact the moderators of this subreddit](/message/compose/?to=/r/politics) if you have any questions or concerns.*"
politics,3.69,"She had time to forgive before the ""rally"".   She used the rally."
politics,12.95,dont students have to be the one to start organizations? mandating this would just prove how unpopular it is.
politics,2.83,"Something, something... liberals trying to indoctrinate America's children in the classroom."
politics,3.13,"Goto town

https://www.hhs.gov/press-room/autism-announcement-fact-sheet.html"
politics,9.02,No need to insult The Joker with that comparison.
politics,5.69,"It's been happening at least since Reagan. Kneecap government programs > block programs from doing what they're made for > ""See? This program doesn't work!"" > justify defunding > rinse and repeat until the program is killed entirely. That was literally the play with ACA. GOP wouldn't allow it to go through until it was heavily kneecapped, then they spent years campaigning on how bad it was."
politics,7.24,Right? Kash Patel's nincompoops really went across the street and scribbled on those bullets with the disposable blue pen in their pocket.
politics,19.53,"In my understanding, the point of the ""trinity concept"" is that Christians claimed to be monotheists worshipping only one capital-g God, but then they started also worshiping their martyr Jesus, and some people were like ""WTF, is there only one God, or two?"" And there are also all of these references to the Holy Spirit etc., so maybe 3 gods? So then they got together and tried to work through the apparent contradiction, and the conclusion of that meeting was that Jesus was both different from God, but also the same. Then they could safely worship him without violating the strictures of monotheism. Some other people disagreed about the whole 3-gods-for-the-price-of-1 deal, and the two groups split. In the 2ndâ€“3rd century the 3-in-1 group snuck some new lines into their versions of the bible, and re-interpreted various others, to back up their position.

Disclaimer: I am not a religious scholar."
politics,8.41,Thank you for the recommendation!
politics,4.76,Bomb UN or maybe gas it *during* Trump's visit?
politics,13.7,"""But boss, I'm not a fa.""

There is no ""antifa"" as an organization, but to the extent the non-centrist left agrees on anything, the settled-upon language is 100% ""Fuck ICE""."
politics,7.29,"How is an international organization ""in insurrection""?"
politics,10.84,"Perhaps the best place to start is ""controlling"" yourself? Every moment you choose not to speak is a victory not just for you, but for the world! I wish you the best of luck in this endeavor."
politics,13.23,"Putting anything on a bullet is ridiculous.  If the shooter was so adamant in his convictions, there wouldnâ€™t have been any unspent shells left, and probably a manifesto describing his thoughts, and intentions.  Instead, weâ€™re getting law enforcement ignoring all precedents and revealing major evidence to the public before a true investigation, and said evidence is scribbled on by a pen to say â€œanti-iceâ€?    This whole thing is fucking bullshit.  Theyâ€™re stoking the fires.  They want civil unrest."
politics,8.69,[https://i.imgflip.com/k1pge.jpg](https://i.imgflip.com/k1pge.jpg)
politics,12.84,"If they just adopted a Medicare for All policy and focused on that alone theyâ€™d get a huge swath of the electorate, similar to Bernie in â€˜16. Too bad the corporate dems would never."
politics,3.39,"Agreed. Idk what we can do. I did go to that also. It doesn't feel like it really matters, but i know thats what they rely on us thinking, and therefore not doing more."
politics,12.98,I'm still mad that they made Walz stop saying that trump is weird.
politics,5.9,Heâ€™s also not a medical Dr
politics,0.51,"I'll be honest. I didn't think anyone really thought Elon was actually a Nazi and they were just name calling.


But here we are."
politics,1.17,"3 people with Narcissistic Personality Disorder in just one thumbnail, wow.

Actually I'm not sure about Melania, she just looks like Noem here. I think she is just amoral and apathetic."
politics,0.32,Biden's autopen is out of control.Â 
politics,8.48,How do you propose they do that when Trump ordered the GOP to not negotiate with Dems in any circumstance?
politics,3.81,It IS partisan. It pits religion over the non-religious.Â 
politics,8.49,After using his dolls as foreplay?
politics,0.39,"The FBIâ€¦pretty incompetent at investigating, great at corruption"
politics,10.4,Dont foeget the other day when fox allowed someone to suggest involuntary lethal injection on the homeless.
politics,0.21,Mandating that all schools must host the Hitler Youth. But donâ€™t you dare call them fascist.Â 
politics,2.47,More like applying for a Michelin star because you burned a cup of ramen noodles because you forgot it needs water and you also just put the Styrofoam cup straight onto the burner on your stove instead of the microwave.
politics,5.39,"Oh, this just in!! Turns out one of the republicans willing to sign it has backed out and its now dead in the water."
politics,0.85,">And the revealed texts donâ€™t look good for the Groyper theory anyway.

That's the whole point. It is likely wrong, but it has disrupted the single viewpoint that is was ""obviously"" (ie fake-ly) some weird trans leftist. It's a lie/mistake (looks like the dude was an unremarkable center-left online weirdo), and it helped blunt the right wing narrative."
politics,8.92,lol true. I initially was like â€œwho writes this?â€  Like a bad hello how do you do fellow kids moment.
politics,6.2,He really misses suckling the mushroom
politics,0.04,"Let's take back the word republican from them. Log cabin Christian Conservatives. They do not represent republicanism, they represent Conservative Christianity"
politics,11.22,He is an incredibly unserious person and shouldn't have a platform for his ridiculous takes.
politics,6.71,Well played.
politics,6.19,iâ€™m guessing they have stocks in the vaccine manufacturer otherwise they dont care
politics,0.19,"No numb nuts.  The real results of two election losses to Trump.  

Also it was during the PRIMARY.  Not the general election.  Ya'll want us to vote with our hearts in the primary.  That's what progressives are told every time.  Don't get mad when people do exactly what you ask.

Also, I would argue she did less than Mamdani.  Mamdani is listening to voters and putting policies that a majority like.  Harris sent fucking Bill Clinton to Michigan to tell people of middle eastern heritage that Israel had to kill Gazans.  Like she threw away a shit ton of votes everywhere in the nation because she wouldn't listen to polls that said most voters wanted to war in Palestine to end.  Like is it unreasonable for voters to be against genocide?  And before you say well Trump is worse I want to point out that just a controlled genocide is still bad."
politics,1.01,"She canâ€™t do it, not because sheâ€™s a woman. But because people cast judgment on her being a woman. Those are the people that need to check in to the reality hotel and out of the trump motel."
politics,4.91,"Epstein files, please"
politics,1.13,Remember y'all: these are the best people that Republicans can find.
politics,0.44,"For people who lie all the time, the Trump admin is really, really bad at it. You'd think they'd get better with practice, but no."
